[02:37:04] [main/INFO]: Loading Minecraft 1.20.1 with Fabric Loader 0.16.14
[02:37:04] [ForkJoinPool-1-worker-3/WARN]: The mod "openblocks" contains invalid entries in its mod json:
- Unsupported root entry "client" at line 24 column 11
[02:37:04] [ForkJoinPool-1-worker-2/WARN]: Mod wither_spawn_fix uses the version MC1.20.1-1.0.0 which isn't compatible with Loader's extended semantic version format (Could not parse version number component 'MC1'!), SemVer is recommended for reliably evaluating dependencies and prioritizing newer version
[02:37:05] [ForkJoinPool-1-worker-2/WARN]: Mod oceansdelight uses the version fdrf-fabric-1.0.2-1.20 which isn't compatible with Loader's extended semantic version format (Could not parse version number component 'fdrf'!), SemVer is recommended for reliably evaluating dependencies and prioritizing newer version
[02:37:05] [ForkJoinPool-1-worker-3/WARN]: Mod magna uses the version ${version} which isn't compatible with Loader's extended semantic version format (Could not parse version number component '${version}'!), SemVer is recommended for reliably evaluating dependencies and prioritizing newer version
[02:37:05] [ForkJoinPool-1-worker-2/WARN]: Mod ends_delight uses the version refabricated-1.20.1-2.5 which isn't compatible with Loader's extended semantic version format (Could not parse version number component 'refabricated'!), SemVer is recommended for reliably evaluating dependencies and prioritizing newer version
[02:37:05] [ForkJoinPool-1-worker-3/WARN]: Mod netherdepthsupgrade uses the version fabric-3.1.6-1.20 which isn't compatible with Loader's extended semantic version format (Could not parse version number component 'fabric'!), SemVer is recommended for reliably evaluating dependencies and prioritizing newer version
[02:37:06] [ForkJoinPool-1-worker-4/WARN]: The mod "dungeons_arise" contains invalid entries in its mod json:
- Unsupported root entry "credits" at line 12 column 12
[02:37:06] [ForkJoinPool-1-worker-2/WARN]: Mod naturalist uses the version 5.0pre3 which isn't compatible with Loader's extended semantic version format (Could not parse version number component '0pre3'!), SemVer is recommended for reliably evaluating dependencies and prioritizing newer version
[02:37:06] [main/INFO]: Dependencies overridden for smoothgui, create_questing, estrogen, thermoo, prominent, bettertrims, frostiful, chatanimation, copycats
[02:37:06] [main/WARN]: Warnings were found!
 - Mod 'Alloy Forgery' (alloy_forgery) 2.1.2+1.20 recommends version 12.0.0 or later of roughlyenoughitems, which is missing!
	 - You should install version 12.0.0 or later of roughlyenoughitems for the optimal experience.
 - Mod 'Debugify' (debugify) 1.20.1+2.0 recommends any 3.x version of yet-another-config-lib, which is missing!
	 - You should install any 3.x version of yet-another-config-lib for the optimal experience.
 - Mod 'SimplySkills' (simplyskills) 1.7.2+1.20.1 recommends version 1.4.2+1.20.1 or later of amethyst_core, which is missing!
	 - You should install version 1.4.2+1.20.1 or later of amethyst_core for the optimal experience.
 - Mod 'Spellblades and Such' (spellbladenext) 2.3.0+1.20.1 recommends version 1.2.0+1.20.1 of mod 'Paladins & Priests (RPG Series)' (paladins), but only the wrong version is present: 1.4.0+1.20.1!
	 - You should install version 1.2.0+1.20.1 of mod 'Paladins & Priests (RPG Series)' (paladins) for the optimal experience.
[02:37:06] [main/INFO]: Loading 532 mods:
	- aaa_particles 1.20.1-1.4.7
	- accessories 1.0.0-beta.47+1.20.1
	   |-- io_wispforest_endec 0.1.8
	   |-- io_wispforest_endec_gson 0.1.5
	   \-- io_wispforest_endec_netty 0.1.4
	- ad_astra 1.15.20
	   \-- javazoom_jlayer 1.0.1
	- ad_astra_giselle_addon 6.19
	- advancednetherite 2.1.3-1.20.1
	- adventurez 1.4.20
	- ae2 15.4.8
	   \-- team_reborn_energy 3.0.0
	- ae2wtlib 15.2.1-fabric
	- alloy_forgery 2.1.2+1.20
	- allthetrims 3.4.3
	   \-- mixinsquared 0.1.1
	- almostunified 1.20.1-0.10.1
	- alternate-current 1.9.0
	- amendments 1.20-2.2.1
	   \-- mixinextras 0.4.1
	- animal_feeding_trough 1.1.0+1.20.1
	- appbot 1.5.0
	- appleskin 2.5.1+mc1.20
	- aquamirae 6
	- aqupdcaracal 1.20-2.3.3
	- archers 1.3.0+1.20.1
	   \-- com_github_zsoltmolnarrr_tinyconfig 2.3.2
	- archers_expansion 0.2.5-1.20.1
	   \-- com_github_zsoltmolnarrr_tinyconfig 2.3.2
	- architectury 9.2.14
	- archon 0.8.1
	   |-- com_github_zsoltmolnarrr_tinyconfig 2.3.2
	   |-- omega-config 1.4.0+1.20.1
	   \-- saflib 1.1.0
	- artifacts 9.5.15
	   |-- expandability 9.0.4
	   \-- step-height-entity-attribute 1.2.0
	- ash_api 3.0.2+1.20.1
	- athena 3.1.2
	- attributefix 21.0.4
	- autotag-convention 2.0.2+1.20
	   \-- autotag 2.0.2+1.20
	- azurelib 3.0.15
	   \-- mixinextras 0.4.1
	- azurelibarmor 2.0.14
	- badpackets 0.4.3
	- balm 7.3.34
	   \-- kuma_api 20.1.10
	- barteringstation 8.0.0
	- bcc 4.0.8
	- bclib 3.0.14
	   \-- wunderlib 1.1.5
	- beachparty 2.0.2
	- beekeeperhut 2.0.1
	- better-trim-tooltips 1.0.1
	- betterarcheology 1.2.1-1.20.1
	- bettercombat 1.8.6+1.20.1
	- betterdeserttemples 1.20-Fabric-3.0.3
	   \-- org_reflections_reflections 0.10.2
	- betterdungeons 1.20-Fabric-4.0.4
	- betterend 4.0.11
	- betterend-crashed-ships 1.0.0
	- betterendisland 1.20-Fabric-2.0.6
	- betterfortresses 1.20-Fabric-2.0.6
	- betterjungletemples 1.20-Fabric-2.0.5
	- bettermineshafts 1.20-Fabric-4.0.4
	- betternether 9.0.10
	- betteroceanmonuments 1.20-Fabric-3.0.4
	- betterstrongholds 1.20-Fabric-4.0.3
	- betterthanmending 1.3.0
	- bettertrims 2.3.2
	   \-- mixinsquared 0.1.1
	- betterwitchhuts 1.20-Fabric-3.0.3
	- bewitchment 1.20-10
	   |-- impersonate 2.10.3
	   |-- playerabilitylib 1.8.0
	   |-- reach-entity-attributes 2.4.0
	   \-- terraform-wood-api-v1 7.0.3
	- blockrunner 8.0.4
	- blockswap 5.0.0.0
	- boatbreakfix 1.0.2
	- bookshelf 20.2.13
	- bosses_of_mass_destruction 1.7.5-1.20.1
	   |-- maelstrom_library 1.6.1-1.20
	   \-- multipart_entities 1.5-1.20
	- botania 1.20.1-450-FABRIC
	   |-- fiber 0.23.0-2
	   |-- reach-entity-attributes 2.4.0
	   \-- step-height-entity-attribute 1.2.0
	- botarium 2.3.4
	   \-- team_reborn_energy 3.0.0
	- brewery 1.1.9
	- buildguide 0.4.6
	- cardinal-components 5.2.3
	   |-- cardinal-components-base 5.2.3
	   |-- cardinal-components-block 5.2.3
	   |-- cardinal-components-chunk 5.2.3
	   |-- cardinal-components-entity 5.2.3
	   |-- cardinal-components-item 5.2.3
	   |-- cardinal-components-level 5.2.3
	   |-- cardinal-components-scoreboard 5.2.3
	   \-- cardinal-components-world 5.2.3
	- carryon 2.1.2.7
	- chefsdelight 1.0.3-fabric-1.20.1
	- chipped 3.0.7
	- chunksavefix 1.0.0
	- cicada 0.14.2+1.20.1
	   \-- org_yaml_snakeyaml 2.2
	- cloth-config 11.1.136
	   \-- cloth-basic-math 0.6.1
	- clumps 12.0.0.4
	- collective 8.3
	- combat_effects 1.0.0
	- combatroll 1.3.3+1.20.1
	- comforts 6.4.0+1.20.1
	- commonnetworking 1.0.5-1.20.1
	- computercraft 1.113.1
	   |-- cc_tweaked_cobalt 0.9.3
	   |-- com_electronwill_night-config_core 3.6.7
	   |-- com_electronwill_night-config_toml 3.6.7
	   |-- com_jcraft_jzlib 1.1.3
	   |-- io_netty_netty-codec-http 4.1.82
	   |-- io_netty_netty-codec-socks 4.1.82
	   \-- io_netty_netty-handler-proxy 4.1.82
	- connectiblechains 2.5.4-hotfix.1+1.20.1
	- connectivity 1.20.1-7.1
	- convenientdecor 0.4.3
	   \-- omega-config 1.4.0+1.20.1
	- copycats 2.2.2+mc.1.20.1-fabric
	- coroutil 1.20.1-1.3.7
	- crash_assistant 1.9.15
	- create 0.5.1-j-build.1631+mc1.20.1
	   |-- com_google_code_findbugs_jsr305 3.0.2
	   |-- flywheel 0.6.11-4
	   |-- milk 1.2.60
	   |    \-- dripstone_fluid_lib 3.0.2
	   |-- porting_lib_accessors 2.3.8+1.20.1
	   |    \-- porting_lib_core 2.3.8+1.20.1
	   |-- porting_lib_base 2.3.8+1.20.1
	   |    |-- porting_lib_attributes 2.3.8+1.20.1
	   |    |-- porting_lib_common 2.3.8+1.20.1
	   |    |-- porting_lib_core 2.3.8+1.20.1
	   |    |-- porting_lib_fluids 2.3.8+1.20.1
	   |    |-- porting_lib_gui_utils 2.3.8+1.20.1
	   |    |-- porting_lib_mixin_extensions 2.3.8+1.20.1
	   |    |-- porting_lib_utility 2.3.8+1.20.1
	   |    \-- reach-entity-attributes 2.4.0
	   |-- porting_lib_brewing 2.3.8+1.20.1
	   |    \-- porting_lib_core 2.3.8+1.20.1
	   |-- porting_lib_client_events 2.3.8+1.20.1
	   |    \-- porting_lib_core 2.3.8+1.20.1
	   |-- porting_lib_entity 2.3.8+1.20.1
	   |    |-- porting_lib_core 2.3.8+1.20.1
	   |    \-- porting_lib_mixin_extensions 2.3.8+1.20.1
	   |-- porting_lib_extensions 2.3.8+1.20.1
	   |    |-- porting_lib_attributes 2.3.8+1.20.1
	   |    |-- porting_lib_common 2.3.8+1.20.1
	   |    |-- porting_lib_core 2.3.8+1.20.1
	   |    \-- reach-entity-attributes 2.4.0
	   |-- porting_lib_models 2.3.8+1.20.1
	   |    |-- porting_lib_core 2.3.8+1.20.1
	   |    |-- porting_lib_fluids 2.3.8+1.20.1
	   |    \-- porting_lib_model_loader 2.3.8+1.20.1
	   |-- porting_lib_networking 2.3.8+1.20.1
	   |    \-- porting_lib_core 2.3.8+1.20.1
	   |-- porting_lib_obj_loader 2.3.8+1.20.1
	   |    |-- porting_lib_core 2.3.8+1.20.1
	   |    \-- porting_lib_model_loader 2.3.8+1.20.1
	   |-- porting_lib_tags 3.0
	   |    \-- porting_lib_core 2.3.8+1.20.1
	   |-- porting_lib_tool_actions 2.3.8+1.20.1
	   |    \-- porting_lib_core 2.3.8+1.20.1
	   |-- porting_lib_transfer 2.3.8+1.20.1
	   |    |-- porting_lib_core 2.3.8+1.20.1
	   |    \-- porting_lib_fluids 2.3.8+1.20.1
	   |-- reach-entity-attributes 2.4.0
	   \-- registrate-fabric 1.3.79-MC1.20.1
	        |-- com_google_code_findbugs_jsr305 3.0.2
	        |-- porting_lib_data 2.1.1090+1.20
	        |    \-- porting_lib_gametest 2.1.1090+1.20
	        \-- porting_lib_model_generators 2.1.1090+1.20
	             \-- porting_lib_gametest 2.1.1090+1.20
	- create_new_age 1.1.2
	- create_questing 1.0.0
	- createaddition 1.2.6
	- creativecore 2.12.33
	   \-- net_minecraftforge_eventbus 6.0.3
	- creeperoverhaul 3.0.2
	- cristellib 1.1.5
	   \-- blue_endless_jankson 1.2.3
	- croptopia 3.0.3
	- ctov 3.4.14
	- cupboard 1.20.1-2.7
	- custom_entity_attributes 1.0.0
	- customitemattributes 2.0.0
	- darkpaintings 17.0.4
	- darkutils 17.0.5
	- dawn 5.0.0
	   \-- terraform-shapes-api-v1 7.0.1
	- death_knights 1.0.0
	- debugify 1.20.1+2.0
	- decorative_blocks 4.0.3
	- deeperdarker 1.3.3
	   \-- customportalapi 0.0.1-beta64-1.20
	- derelict 1.1.1
	- despawntweaks 1.0.0
	- deuf_refabricated 1.1.0
	- do_a_barrel_roll 3.6.1+1.20.1
	   \-- mixinsquared 0.1.1
	- doapi 1.2.15
	- doubledoors 7.1
	- dragonfight 1.20.1-4.7
	- dummmmmmy 1.20-2.0.8
	- dungeons_arise 2.1.58
	- dynamic_resource_bars 0.7.1
	   \-- mixinextras 0.4.1
	- dynamictrim 1.4.1
	   \-- mixinsquared 0.1.1
	- eldritch_end 0.3.4
	- emi 1.1.22+1.20.1+fabric
	- emi_enchanting 0.1.2+1.20.1
	- emi_letsdo_compat 1.7
	- emi_loot 0.7.6+1.20.1+fabric
	- endrem 5.2.4
	- ends_delight refabricated-1.20.1-2.5
	- epherolib 1.2.0
	- estrogen 4.3.4+1.20.1-fabric
	   |-- baubly 1.0.1
	   |-- com_teamresourceful_resourceful-cosmetics-4j 1.0.4
	   |-- critter_lib 0.1-beta.14
	   \-- jukeboxfix 1.0.1
	- eternal_attributes 1.0.0
	- expandeddelight 0.3.2
	   |-- mm 2.3
	   \-- omega-config 1.4.0+1.20.1
	- explorations 1.20.1-1.6.1
	- explorerscompass 1.20.1-2.2.3-fabric
	- explorify 1.6.2
	- extendedae 1.20-1.0.2-fabric
	   \-- configuration 2.2.0
	- extra-mod-integrations 0.4.7+1.20.1
	- extraspellattributes 1.3.2
	- fabric-api 0.92.6+1.20.1
	   |-- fabric-api-base 0.4.32+1802ada577
	   |-- fabric-api-lookup-api-v1 1.6.37+1802ada577
	   |-- fabric-biome-api-v1 13.0.14+1802ada577
	   |-- fabric-block-api-v1 1.0.12+1802ada577
	   |-- fabric-block-view-api-v2 1.0.3+924f046a77
	   |-- fabric-blockrenderlayer-v1 1.1.42+1802ada577
	   |-- fabric-client-tags-api-v1 1.1.3+1802ada577
	   |-- fabric-command-api-v1 1.2.35+f71b366f77
	   |-- fabric-command-api-v2 2.2.14+1802ada577
	   |-- fabric-commands-v0 0.2.52+df3654b377
	   |-- fabric-containers-v0 0.1.67+df3654b377
	   |-- fabric-content-registries-v0 4.0.13+1802ada577
	   |-- fabric-convention-tags-v1 1.5.6+1802ada577
	   |-- fabric-crash-report-info-v1 0.2.20+1802ada577
	   |-- fabric-data-attachment-api-v1 1.0.2+de0fd6d177
	   |-- fabric-data-generation-api-v1 12.3.7+1802ada577
	   |-- fabric-dimensions-v1 2.1.55+1802ada577
	   |-- fabric-entity-events-v1 1.6.1+1c78457f77
	   |-- fabric-events-interaction-v0 0.6.5+13a40c6677
	   |-- fabric-events-lifecycle-v0 0.2.64+df3654b377
	   |-- fabric-game-rule-api-v1 1.0.41+1802ada577
	   |-- fabric-item-api-v1 2.1.29+1802ada577
	   |-- fabric-item-group-api-v1 4.0.14+1802ada577
	   |-- fabric-key-binding-api-v1 1.0.38+1802ada577
	   |-- fabric-keybindings-v0 0.2.36+df3654b377
	   |-- fabric-lifecycle-events-v1 2.2.23+1802ada577
	   |-- fabric-loot-api-v2 1.2.3+1802ada577
	   |-- fabric-loot-tables-v1 1.1.47+9e7660c677
	   |-- fabric-message-api-v1 5.1.10+1802ada577
	   |-- fabric-mining-level-api-v1 2.1.52+1802ada577
	   |-- fabric-model-loading-api-v1 1.0.4+1802ada577
	   |-- fabric-models-v0 0.4.3+9386d8a777
	   |-- fabric-networking-api-v1 1.3.14+a158aa0477
	   |-- fabric-networking-v0 0.3.54+df3654b377
	   |-- fabric-object-builder-api-v1 11.1.5+e35120df77
	   |-- fabric-particles-v1 1.1.3+1802ada577
	   |-- fabric-recipe-api-v1 1.0.24+1802ada577
	   |-- fabric-registry-sync-v0 2.3.6+1802ada577
	   |-- fabric-renderer-api-v1 3.2.2+1802ada577
	   |-- fabric-renderer-indigo 1.5.3+85287f9f77
	   |-- fabric-renderer-registries-v1 3.2.47+df3654b377
	   |-- fabric-rendering-data-attachment-v1 0.3.39+92a0d36777
	   |-- fabric-rendering-fluids-v1 3.0.29+1802ada577
	   |-- fabric-rendering-v0 1.1.50+df3654b377
	   |-- fabric-rendering-v1 3.0.9+1802ada577
	   |-- fabric-resource-conditions-api-v1 2.3.9+1802ada577
	   |-- fabric-resource-loader-v0 0.11.12+fb82e9d777
	   |-- fabric-screen-api-v1 2.0.9+1802ada577
	   |-- fabric-screen-handler-api-v1 1.3.33+1802ada577
	   |-- fabric-sound-api-v1 1.0.14+1802ada577
	   |-- fabric-transfer-api-v1 3.3.6+8dd72ea377
	   \-- fabric-transitive-access-wideners-v1 4.3.2+1802ada577
	- fabric-language-kotlin 1.13.5+kotlin.2.2.10
	   |-- org_jetbrains_kotlin_kotlin-reflect 2.2.10
	   |-- org_jetbrains_kotlin_kotlin-stdlib 2.2.10
	   |-- org_jetbrains_kotlin_kotlin-stdlib-jdk7 2.2.10
	   |-- org_jetbrains_kotlin_kotlin-stdlib-jdk8 2.2.10
	   |-- org_jetbrains_kotlinx_atomicfu-jvm 0.29.0
	   |-- org_jetbrains_kotlinx_kotlinx-coroutines-core-jvm 1.10.2
	   |-- org_jetbrains_kotlinx_kotlinx-coroutines-jdk8 1.10.2
	   |-- org_jetbrains_kotlinx_kotlinx-datetime-jvm 0.7.1
	   |-- org_jetbrains_kotlinx_kotlinx-io-bytestring-jvm 0.8.0
	   |-- org_jetbrains_kotlinx_kotlinx-io-core-jvm 0.8.0
	   |-- org_jetbrains_kotlinx_kotlinx-serialization-cbor-jvm 1.9.0
	   |-- org_jetbrains_kotlinx_kotlinx-serialization-core-jvm 1.9.0
	   \-- org_jetbrains_kotlinx_kotlinx-serialization-json-jvm 1.9.0
	- fabricloader 0.16.14
	   \-- mixinextras 0.4.1
	- fakerlib 0.1.5
	   \-- mixinsquared 0.1.1
	- fancy_hotbar 1.0.0
	- farmersdelight 1.20.1-2.4.0+refabricated
	   |-- mm 2.3
	   |-- porting_lib_accessors 2.3.8+1.20.1
	   |    \-- porting_lib_core 2.3.8+1.20.1
	   |-- porting_lib_base 2.3.8+1.20.1
	   |    |-- porting_lib_attributes 2.3.8+1.20.1
	   |    |-- porting_lib_common 2.3.8+1.20.1
	   |    |-- porting_lib_core 2.3.8+1.20.1
	   |    |-- porting_lib_fluids 2.3.8+1.20.1
	   |    |-- porting_lib_gui_utils 2.3.8+1.20.1
	   |    |-- porting_lib_mixin_extensions 2.3.8+1.20.1
	   |    |-- porting_lib_utility 2.3.8+1.20.1
	   |    \-- reach-entity-attributes 2.4.0
	   |-- porting_lib_config 2.3.8+1.20.1
	   |    \-- porting_lib_core 2.3.8+1.20.1
	   |-- porting_lib_lazy_registration 2.3.8+1.20.1
	   |    \-- porting_lib_core 2.3.8+1.20.1
	   |-- porting_lib_loot 2.3.8+1.20.1
	   |    \-- porting_lib_core 2.3.8+1.20.1
	   |-- porting_lib_networking 2.3.8+1.20.1
	   |    \-- porting_lib_core 2.3.8+1.20.1
	   |-- porting_lib_recipe_book_categories 2.3.8+1.20.1
	   |    \-- porting_lib_core 2.3.8+1.20.1
	   |-- porting_lib_tags 3.0
	   |    \-- porting_lib_core 2.3.8+1.20.1
	   \-- porting_lib_tool_actions 2.3.8+1.20.1
	        \-- porting_lib_core 2.3.8+1.20.1
	- farmersknives 3.2
	- faster-random 5.1.0
	- fastpaintings 1.20-1.2.7
	- faux-custom-entity-data 6.0.1
	- ferritecore 6.0.1
	- fishontheline 3.5
	- flowerymooblooms 2.0.2
	- forgeconfigapiport 8.0.2
	- forgeconfigscreens 8.0.2
	- friendsandfoes 3.0.9
	   \-- reach-entity-attributes 2.4.0
	- frostiful 1.0.11
	   \-- mm 2.3
	- ftblibrary 2001.2.9
	- ftbquests 2001.4.13
	   \-- team_reborn_energy 3.0.0
	- ftbteams 2001.3.1
	- ftbxmodcompat 2.1.3
	- fwaystones 3.3.3+mc1.20.1
	- fzzy_config 0.7.0+1.20.1
	   |-- fabric-permissions-api-v0 0.3.1
	   \-- net_peanuuutz_tomlkt_tomlkt-jvm 0.3.7
	- geckolib 4.7.4
	   \-- com_eliotlash_mclib_mclib 20
	- geophilic 3.4.3
	- grassoverhaul 25.1.31
	- graveyard 3.0
	- handcrafted 3.0.6
	- herbalbrews 1.0.12
	- highlight 2.0.1
	- icarus 2.12.0
	- iceberg 1.1.25
	- idwtialsimmoedm 0.3.1+1.20
	- immersive_armors 1.7.1+1.20.1
	- immersive_melodies 0.5.0+1.20.1
	- immersivelanterns 1.0.4
	- immersivemessages 1.0.18
	   |-- mixinextras 0.4.1
	   \-- mm 2.3
	- indrev 1.16.5-BETA
	   |-- libgui 8.1.1+1.20.1
	   |    |-- jankson 6.0.0+j1.2.3
	   |    \-- libninepatch 1.2.0
	   |-- noindium 1.1.0+1.19
	   |-- step-height-entity-attribute 1.2.0
	   \-- team_reborn_energy 3.0.0
	- indrev-emi-plugin 1.0.1
	- inventorysorter 1.9.0-1.20
	   \-- kyrptconfig 1.5.6-1.20
	- invoke 1.0.3.1-1.20.1
	- ironchests 5.0.2
	- item_obliterator 2.3.0
	- itemfilters 2001.1.0-build.59
	- jade 11.13.1+fabric
	- jamlib 1.3.5+1.20.1
	- java 17
	- jewelry 1.3.7+1.20.1
	   \-- com_github_zsoltmolnarrr_tinyconfig 2.3.2
	- justhammers 20.1.5+mc1.20.1
	- kibe 1.10.1-BETA+1.20
	   \-- playerabilitylib 1.8.0
	- kleeslabs 15.0.4
	- konkrete 1.8.1
	- leavesbegone 8.0.0
	- libz 1.0.3
	- lithium 0.11.3
	- lithostitched 1.4.11
	- lmft 1.0.2+1.20
	- logbegone 1.0.8
	- lootintegrations 1.20.1-4.7
	- lootr 0.7.35.85
	- magnumtorch 8.0.2
	- mavapi 1.1.4
	- mavm 1.2.6
	- mcda 5.0.2
	- mcdw 9.0.4
	- megacells 2.4.6-1.20.1
	- melody 1.0.3
	- memorysettings 1.20.1-5.9
	- merequester 1.20.1-1.1.4
	- midnightlib 1.4.1
	- minecells 1.9.2
	   \-- gimm1q 0.7.9+1.20.1
	        \-- com_github_redempt_crunch 2.0.3
	- minecraft 1.20.1
	- mixintrace 1.1.1+1.17
	- mmmindicators 1.0.0
	- mobhealthbar 2.3.0
	- mobs_of_mythology 2.1.2
	- modern_industrialization 1.8.6
	   |-- magna 1.10.1+1.20.1
	   |-- noindium 1.1.0+1.20
	   |-- playerabilitylib 1.8.0
	   \-- team_reborn_energy 3.0.0
	- modernfix 5.24.3+mc1.20.1
	- modpack-update-checker 0.15.6
	   \-- mpuc_lavendermd 0.1.2
	- moonlight 1.20-2.16.8
	- more_armor_trims 1.4.2-1.20.1
	- more_rpg_classes 1.2.18-1.20.1
	   \-- com_github_zsoltmolnarrr_tinyconfig 2.3.2
	- moremobvariants 1.3.1
	- moretotems 2.16.0
	- mutantmonsters 8.0.7
	   \-- extensibleenums 7.0.1
	- mythicmounts 1.20.1-7.2
	- mythicupgrades 4.2.0+mc1.20.1
	   \-- mixinextras 0.4.1
	- naturalist 5.0pre3
	- naturescompass 1.20.1-2.2.3-fabric
	- necronomicon 1.6.0
	- nerb 0.4.1
	- neruina 2.3.1-beta.1
	   |-- com_fasterxml_jackson_core_jackson-annotations 2.17.0
	   |-- com_fasterxml_jackson_core_jackson-core 2.17.0
	   |-- com_fasterxml_jackson_core_jackson-databind 2.17.0
	   |-- org_apache_httpcomponents_client5_httpclient5 5.3.1
	   |-- org_apache_httpcomponents_core5_httpcore5 5.3.1
	   |-- org_apache_maven_maven-artifact 3.8.1
	   \-- org_kohsuke_github-api 1.318
	- netherchested 8.0.4
	   \-- puzzlesapi 8.1.7
	- netherdepthsupgrade fabric-3.1.6-1.20
	- netherportalfix 13.0.1
	- niftycarts 20.1.3
	- nightconfigfixes 8.0.0
	- nochatreports 1.20.1-v2.2.2
	   |-- fabric-rendering-v1 3.0.6+b3afc78b82
	   \-- fabric-screen-api-v1 2.0.6+b3afc78b82
	- obscure_api 16
	- oceansdelight fdrf-fabric-1.0.2-1.20
	- octolib 0.5.0.1
	   \-- org_yaml_snakeyaml 2.2
	- offhandtickfix 1.0.0
	- opacpvp 1.0.0
	- openblocks 0.0.3-1.20.1
	- openpartiesandclaims 0.25.5
	- owo 0.11.2+1.20
	- oxidized 1.8.2
	- packetfixer 3.1.4
	- paladins 1.4.0+1.20.1
	   \-- com_github_zsoltmolnarrr_tinyconfig 2.3.2
	- patchouli 1.20.1-84-FABRIC
	   \-- fiber 0.23.0-2
	- paxi 1.20-Fabric-4.0
	- pehkui 3.8.3+1.14.4-1.21
	   \-- kanos_config 0.4.1+1.14.4-1.19.4
	- philipsruins 5.5
	- pigpen 15.0.2
	- ping-wheel 1.11.0
	- piratesdoom 1.0.0
	- player-animator 1.0.2-rc1+1.20
	- polyeng 0.1.1-1.20.1
	- polymorph 0.49.10+1.20.1
	   \-- spectrelib 0.13.17+1.20.1
	- powah 5.0.11
	- projectile_damage 3.2.3+1.20.1
	- promenade 4.1.1
	   \-- biolith 1.0.0-alpha.8
	        \-- terraform-surfaces-api-v1 7.0.1
	- prominent 3.9.7
	- prominent_ost 1.0.0
	- prominent_talents 2.8.0
	- puffish_attributes 0.7.3
	   \-- mixinextras 0.4.1
	- puffish_skills 0.16.0
	- puzzleslib 8.1.32
	   \-- puzzlesaccessapi 20.1.1
	- quartzelv 2.2.7+1.20.4
	- questkilltask 0.2.0+1.20.1
	- railways 1.6.9+fabric-mc1.20.1
	   \-- mm 2.3
	- ranged_weapon_api 1.1.4+1.20.1
	- rare-ice 0.6.0
	- reacharound 1.3.1
	- rebalance 1.2.0
	- reborncore 5.8.14
	   \-- team_reborn_energy 3.0.0
	- recipeessentials 1.20.1-4.1
	- recipesplitter 1.0-SNAPSHOT
	- redirected 1.0.0
	- regions_unexplored 0.5.6+1.20.1
	- replantingcrops 5.5
	- resistance_balancer 1.1.0
	- resourcefulconfig 2.1.3
	- resourcefullib 2.1.29
	   |-- com_teamresourceful_bytecodecs 1.0.2
	   \-- com_teamresourceful_yabn 1.0.3
	- riverredux 0.3.1
	- rogues 1.2.0+1.20.1
	   \-- com_github_zsoltmolnarrr_tinyconfig 2.3.2
	- runelic 18.0.2
	- runes 0.9.13+1.20.1
	- satisfying_buttons 1.1.2
	- sbprom 1.0.6
	   \-- com_github_zsoltmolnarrr_tinyconfig 2.3.2
	- seasons 2.4.2-BETA+1.20
	- seasonscroptopiacompat 1.0-2.2.2
	- seasonsdelightcompat 1.0-1.3.9
	- seasonsextras 1.3.2-BETA+1.20
	- serverbrowser 1.3.0
	- shield_api 1.0.1+1.20.1
	- shield_overhaul 2.0.4
	- simply_houses 1.1.4-1.20.1
	- simplyskills 1.7.2+1.20.1
	- simplyswords 1.56.0-1.20.1
	   \-- spruceui 5.0.0+1.20
	- skinlayers3d 1.9.0
	   |-- transition 1.0.4
	   \-- trender 1.0.6
	- skyvillages 1.0.4-1.19.2-1.20.1
	- smallships 2.0.0-b1.4
	- smartbrainlib 1.15
	- smoothchunk 1.20.1-4.1
	- smwyg 1.1.1
	- snifferplus 0.3.0
	- sortilege 1.6.4
	- soulsweapons 1.3.1-1.20.1-fabric
	- spark 1.10.53
	- spell-engine-openpac-compat 1.0.0
	- spell_engine 0.15.12+1.20.1
	   \-- com_github_zsoltmolnarrr_tinyconfig 2.3.2
	- spell_power 0.12.0+1.20.1
	   \-- com_github_zsoltmolnarrr_tinyconfig 2.3.2
	- spellbladenext 2.3.0+1.20.1
	   \-- com_github_zsoltmolnarrr_tinyconfig 2.3.2
	- stackdeobfuscator 1.4.3+08e71cc
	   |-- net_fabricmc_mapping-io 0.6.1
	   \-- stackdeobfuscator-common 1.4.3+08e71cc
	- starterkit 7.4
	- stoneworks 8.0.0
	- structure_pool_api 1.0+1.20.1
	- structureessentials 1.20.1-4.8
	- supermartijn642configlib 1.1.8+a
	- supplementaries 1.20-3.1.37
	   \-- mixinsquared 0.1.1
	- swampier_swamps 1.20-4.0.0
	- t_and_t 1.12
	- tclayer 3.8.1+beta.14
	- techreborn 5.8.14
	   \-- team_reborn_energy 3.0.0
	- terrablender 3.0.1.10
	   |-- com_electronwill_night-config_core 3.6.7
	   \-- com_electronwill_night-config_toml 3.6.7
	- thaumon 2.3.0+1.20.1
	- the_bumblezone 7.8.3+1.20.1-fabric
	   |-- mixinextras 0.4.1
	   \-- noindium 1.1.0+1.20
	- thermoo 2.3.3
	- thiccpackets 1.17-1.19+
	- things 0.3.3+1.20
	   \-- lavender 0.1.0-pre.18+1.20
	        |-- lavender-md 0.1.0-pre.3+1.20
	        \-- lavender-md-owo-ui 0.1.0-pre.3+1.20
	- tiered 1.2.0
	   |-- autotag 2.0.2+1.20
	   \-- reach-entity-attributes 2.4.0
	- tinyskeletons 8.0.1
	- tlc 1.0.1
	- toofast 1.2.0
	- tradingpost 8.0.2
	- transmog 1.3.0+1.20
	- transparent 8.0.1+1.20.1
	- travelersbackpack 9.1.38
	   \-- reach-entity-attributes 2.4.0
	- treechop 0.19.0
	- twigs 3.1.0
	- txnilib 1.0.24
	- unsafe-world-random-access-detector 1.1.0
	- veinmining 1.5.0+1.20.1
	- villagernames 8.2
	- villagersplus 3.1
	- vinery 1.4.41
	- visualworkbench 8.0.1
	- wands 2.7-beta
	- watut 1.20.1-1.2.3
	- windchimes 1.2.4+1.20
	- winterly 0.9.3+1.20
	- wither_spawn_fix MC1.20.1-1.0.0
	- wizards 1.4.1+1.20.1
	   \-- com_github_zsoltmolnarrr_tinyconfig 2.3.2
	- xaerominimap 25.2.10
	- xaeroworldmap 1.39.12
	- yet_another_config_lib_v3 3.6.6+1.20.1-fabric
	   |-- com_twelvemonkeys_common_common-image 3.12.0
	   |-- com_twelvemonkeys_common_common-io 3.12.0
	   |-- com_twelvemonkeys_common_common-lang 3.12.0
	   |-- com_twelvemonkeys_imageio_imageio-core 3.12.0
	   |-- com_twelvemonkeys_imageio_imageio-metadata 3.12.0
	   |-- com_twelvemonkeys_imageio_imageio-webp 3.12.0
	   |-- mixinextras 0.4.1
	   |-- org_quiltmc_parsers_gson 0.2.1
	   \-- org_quiltmc_parsers_json 0.2.1
	- yigd 2.0.16
	   \-- libgui 8.1.1+1.20.1
	        |-- jankson 6.0.0+j1.2.3
	        \-- libninepatch 1.2.0
	- yosbr 0.1.2
	- ysns 2.0.2
	- yungsapi 1.20-Fabric-4.0.6
	   \-- org_javassist_javassist 3.29.2-GA
	- yungsbridges 1.20-Fabric-4.0.3
	- zenith 1.2.5-1.20.1
	   |-- mm 2.3
	   \-- porting_lib_model_materials 2.3.4+1.20.1
	- zenith_attributes 0.2.10
	   |-- additionalentityattributes 1.7.6+1.20.1
	   |-- playerabilitylib 1.8.0
	   \-- reach-entity-attributes 2.4.0
[02:37:06] [main/INFO]: Applying default options... (YOSBR)
[02:37:07] [main/INFO]: SpongePowered MIXIN Subsystem Version=0.8.7 Source=file:/workspaces/elpepe/servidor_minecraft/libraries/net/fabricmc/sponge-mixin/0.15.5+mixin.0.8.7/sponge-mixin-0.15.5+mixin.0.8.7.jar Service=Knot/Fabric Env=SERVER
[02:37:07] [main/INFO]: Compatibility level set to JAVA_17
[02:37:07] [main/WARN]: Reference map 'aaa_particles-fabric-refmap.json' for aaa_particles.mixins.json could not be read. If this is a development environment you can ignore this message
[02:37:07] [main/WARN]: Reference map 'coroutil.refmap.json' for coroutil_fabric.mixins.json could not be read. If this is a development environment you can ignore this message
[02:37:07] [main/WARN]: Reference map '[common]ctov-common-refmap.json' for ctov-common.mixins.json could not be read. If this is a development environment you can ignore this message
[02:37:07] [main/INFO]: Preloading Debugify
[02:37:07] [main/WARN]: Reference map 'emi-letsdo-compat-common-refmap.json' for emi_letsdo_compat-common.mixins.json could not be read. If this is a development environment you can ignore this message
[02:37:07] [main/WARN]: Reference map 'graveyard-FABRIC-fabric-refmap.json' for graveyard-fabric.mixins.json could not be read. If this is a development environment you can ignore this message
[02:37:07] [main/WARN]: Reference map 'icarus.refmap.json' for icarus.mixins.json could not be read. If this is a development environment you can ignore this message
[02:37:07] [main/WARN]: Reference map 'icarus.refmap.json' for icarus.fabric.mixins.json could not be read. If this is a development environment you can ignore this message
[02:37:07] [main/INFO]: File exists, reading config for elocindev.item_obliterator.fabric_quilt.config.ConfigEntries.
[02:37:07] [main/INFO]: Config for elocindev.item_obliterator.fabric_quilt.config.ConfigEntries read successfully.
[02:37:07] [main/WARN]: Reference map 'justhammers-common-refmap.json' for justhammers-common.mixins.json could not be read. If this is a development environment you can ignore this message
[02:37:07] [main/INFO]: Loaded configuration file for Lithium: 131 options available, 5 override(s) found
[02:37:07] [main/WARN]: Reference map 'lmft-fabric-refmap.json' for lmft.mixins.json could not be read. If this is a development environment you can ignore this message
[02:37:08] [main/WARN]: Reference map 'mobhealthbar-fabric-1.20.x-refmap.json' for mobhealthbar.mixins.json could not be read. If this is a development environment you can ignore this message
[02:37:08] [main/INFO]: Loaded configuration file for ModernFix 5.24.3+mc1.20.1: 70 options available, 3 override(s) found
[02:37:08] [main/WARN]: Option 'mixin.perf.faster_item_rendering' overriden (by user configuration) to 'true'
[02:37:08] [main/WARN]: Option 'mixin.perf.dynamic_resources' overriden (by user configuration) to 'true'
[02:37:08] [main/WARN]: Option 'mixin.perf.blast_search_trees' overriden (by user configuration) to 'false'
[02:37:08] [main/INFO]: Applying Nashorn fix
[02:37:08] [main/WARN]: Reference map 'mythic-mounts-refmap.json' for mythic-mounts.mixins.json could not be read. If this is a development environment you can ignore this message
[02:37:08] [main/WARN]: Reference map 'oceansdelight-refmap.json' for oceansdelight.mixins.json could not be read. If this is a development environment you can ignore this message
[02:37:08] [main/WARN]: Reference map 'OctoLib-COMMON-common-refmap.json' for octolib-common.mixins.json could not be read. If this is a development environment you can ignore this message
[02:37:08] [main/INFO]: Packet Fixer fabric 1.19.3-1.20.1 has been applied successfully.
[02:37:08] [main/WARN]: Reference map 'puzzlesaccessapi.common.refmap.json' for puzzlesaccessapi.common.mixins.json could not be read. If this is a development environment you can ignore this message
[02:37:08] [main/WARN]: Reference map 'puzzlesaccessapi.fabric.refmap.json' for puzzlesaccessapi.fabric.mixins.json could not be read. If this is a development environment you can ignore this message
[02:37:08] [main/WARN]: Reference map 'simplyswords-fabric-refmap.json' for simplyswords.mixins.json could not be read. If this is a development environment you can ignore this message
[02:37:08] [main/WARN]: Reference map 'starterkit_fabric.refmap.json' for starterkit_fabric.mixins.json could not be read. If this is a development environment you can ignore this message
[02:37:08] [main/WARN]: Reference map 'supermartijn642configlib.mixins.refmap.json' for supermartijn642configlib.mixins.json could not be read. If this is a development environment you can ignore this message
[02:37:08] [main/WARN]: Reference map 'thaumon-common-refmap.json' for thaumon-common.mixins.json could not be read. If this is a development environment you can ignore this message
[02:37:08] [main/WARN]: Error loading class: net/minecraft/class_881 (java.lang.ClassNotFoundException: net/minecraft/class_881)
[02:37:08] [main/WARN]: @Mixin target net.minecraft.class_881 was not found porting_lib_base.mixins.json:client.BoatRendererMixin from mod porting_lib_base
[02:37:08] [main/WARN]: Error loading class: net/minecraft/class_525 (java.lang.ClassNotFoundException: net/minecraft/class_525)
[02:37:08] [main/WARN]: @Mixin target net.minecraft.class_525 was not found porting_lib_base.mixins.json:client.CreateWorldScreenMixin from mod porting_lib_base
[02:37:08] [main/WARN]: Error loading class: net/minecraft/class_906 (java.lang.ClassNotFoundException: net/minecraft/class_906)
[02:37:08] [main/WARN]: @Mixin target net.minecraft.class_906 was not found porting_lib_tool_actions.mixins.json:FishingHookRendererMixin from mod porting_lib_tool_actions
[02:37:08] [main/WARN]: Error loading class: net/minecraft/class_761 (java.lang.ClassNotFoundException: net/minecraft/class_761)
[02:37:08] [main/WARN]: @Mixin target net.minecraft.class_761 was not found accessories-common.mixins.json:LevelRendererAccessor from mod accessories
[02:37:09] [main/WARN]: Error loading class: io/github/apace100/apoli/power/factory/condition/ConditionFactory (java.lang.ClassNotFoundException: io/github/apace100/apoli/power/factory/condition/ConditionFactory)
[02:37:09] [main/WARN]: Error loading class: link/infra/indium/renderer/helper/GeometryHelper (java.lang.ClassNotFoundException: link/infra/indium/renderer/helper/GeometryHelper)
[02:37:09] [main/WARN]: Error loading class: net/fabricmc/fabric/impl/client/indigo/renderer/helper/GeometryHelper (java.lang.ClassNotFoundException: net/fabricmc/fabric/impl/client/indigo/renderer/helper/GeometryHelper)
[02:37:09] [main/WARN]: Error loading class: me/jellysquid/mods/lithium/common/ai/pathing/PathNodeDefaults (java.lang.ClassNotFoundException: me/jellysquid/mods/lithium/common/ai/pathing/PathNodeDefaults)
[02:37:09] [main/WARN]: Error loading class: net/minecraft/class_310 (java.lang.ClassNotFoundException: net/minecraft/class_310)
[02:37:09] [main/WARN]: @Mixin target net.minecraft.class_310 was not found mixins.dynamic_resource_bars.json:compat.farmersdelight.BaseOverlayMixin from mod dynamic_resource_bars
[02:37:09] [main/INFO]: Loading Faster Random.
[02:37:10] [main/WARN]: Error loading class: net/minecraft/class_632 (java.lang.ClassNotFoundException: net/minecraft/class_632)
[02:37:10] [main/WARN]: @Mixin target net.minecraft.class_632 was not found lavender.mixins.json:ClientAdvancementManagerAccessor from mod lavender
[02:37:10] [main/WARN]: Force-disabling mixin 'ai.nearby_entity_tracking.EntityMixin' as rule 'mixin.ai.nearby_entity_tracking' (added by user configuration) disables it and children
[02:37:10] [main/WARN]: Force-disabling mixin 'ai.nearby_entity_tracking.EntityTrackingSectionMixin' as rule 'mixin.ai.nearby_entity_tracking' (added by user configuration) disables it and children
[02:37:10] [main/WARN]: Force-disabling mixin 'ai.nearby_entity_tracking.ServerEntityManagerAccessor' as rule 'mixin.ai.nearby_entity_tracking' (added by user configuration) disables it and children
[02:37:10] [main/WARN]: Force-disabling mixin 'ai.nearby_entity_tracking.ServerEntityManagerListenerMixin' as rule 'mixin.ai.nearby_entity_tracking' (added by user configuration) disables it and children
[02:37:10] [main/WARN]: Force-disabling mixin 'ai.nearby_entity_tracking.ServerEntityManagerMixin' as rule 'mixin.ai.nearby_entity_tracking' (added by user configuration) disables it and children
[02:37:10] [main/WARN]: Force-disabling mixin 'ai.nearby_entity_tracking.ServerWorldAccessor' as rule 'mixin.ai.nearby_entity_tracking' (added by user configuration) disables it and children
[02:37:10] [main/WARN]: Force-disabling mixin 'ai.nearby_entity_tracking.goals.FleeEntityGoalMixin' as rule 'mixin.ai.nearby_entity_tracking' (added by user configuration) disables it and children
[02:37:10] [main/WARN]: Force-disabling mixin 'ai.nearby_entity_tracking.goals.LookAtEntityGoalMixin' as rule 'mixin.ai.nearby_entity_tracking' (added by user configuration) disables it and children
[02:37:10] [main/WARN]: Force-disabling mixin 'ai.task.memory_change_counting.BrainMixin' as rule 'mixin.ai.task.memory_change_counting' (added by mods [smartbrainlib]) disables it and children
[02:37:10] [main/WARN]: Force-disabling mixin 'ai.task.memory_change_counting.MultiTickTaskMixin' as rule 'mixin.ai.task.memory_change_counting' (added by mods [smartbrainlib]) disables it and children
[02:37:10] [main/WARN]: Force-disabling mixin 'alloc.blockstate.StateMixin' as rule 'mixin.alloc.blockstate' (added by mods [ferritecore]) disables it and children
[02:37:10] [main/WARN]: Force-disabling mixin 'block.moving_block_shapes.PistonBlockEntityMixin' as rule 'mixin.block.moving_block_shapes' (added by mods [supplementaries]) disables it and children
[02:37:10] [main/WARN]: Force-disabling mixin 'block.moving_block_shapes.VoxelShapeMixin' as rule 'mixin.block.moving_block_shapes' (added by mods [supplementaries]) disables it and children
[02:37:10] [main/WARN]: Error loading class: net/minecraft/class_337$1 (java.lang.ClassNotFoundException: net/minecraft/class_337$1)
[02:37:10] [main/WARN]: @Mixin target net/minecraft/class_337$1 was not found minecells.mixins.json:client.hud.BossBarUpdaterMixin from mod minecells
[02:37:10] [main/WARN]: Error loading class: fr/catcore/server/translations/api/resource/language/SystemDelegatedLanguage (java.lang.ClassNotFoundException: fr/catcore/server/translations/api/resource/language/SystemDelegatedLanguage)
[02:37:10] [main/WARN]: Error loading class: draylar/magna/api/reach/ReachDistanceHelper (java.lang.ClassNotFoundException: draylar/magna/api/reach/ReachDistanceHelper)
[02:37:11] [main/INFO]: Loaded config for: recipeessentials.json
[02:37:11] [main/WARN]: Error loading class: com/nhoryzon/mc/farmersdelight/block/BuddingBushBlock (java.lang.ClassNotFoundException: com/nhoryzon/mc/farmersdelight/block/BuddingBushBlock)
[02:37:11] [main/WARN]: @Mixin target com.nhoryzon.mc.farmersdelight.block.BuddingBushBlock was not found seasonsdelightcompat.mixins.json:BuddingBushBlockMixin from mod seasonsdelightcompat
[02:37:11] [main/WARN]: Error loading class: com/nhoryzon/mc/farmersdelight/block/BuddingTomatoBlock (java.lang.ClassNotFoundException: com/nhoryzon/mc/farmersdelight/block/BuddingTomatoBlock)
[02:37:11] [main/WARN]: @Mixin target com.nhoryzon.mc.farmersdelight.block.BuddingTomatoBlock was not found seasonsdelightcompat.mixins.json:BuddingTomatoBlockMixin from mod seasonsdelightcompat
[02:37:11] [main/WARN]: Error loading class: com/nhoryzon/mc/farmersdelight/block/MushroomColonyBlock (java.lang.ClassNotFoundException: com/nhoryzon/mc/farmersdelight/block/MushroomColonyBlock)
[02:37:11] [main/WARN]: @Mixin target com.nhoryzon.mc.farmersdelight.block.MushroomColonyBlock was not found seasonsdelightcompat.mixins.json:MushroomColonyBlockMixin from mod seasonsdelightcompat
[02:37:11] [main/WARN]: Error loading class: com/nhoryzon/mc/farmersdelight/block/RiceCropBlock (java.lang.ClassNotFoundException: com/nhoryzon/mc/farmersdelight/block/RiceCropBlock)
[02:37:11] [main/WARN]: @Mixin target com.nhoryzon.mc.farmersdelight.block.RiceCropBlock was not found seasonsdelightcompat.mixins.json:RiceCropBlockMixin from mod seasonsdelightcompat
[02:37:11] [main/WARN]: Error loading class: com/nhoryzon/mc/farmersdelight/block/TomatoVineBlock (java.lang.ClassNotFoundException: com/nhoryzon/mc/farmersdelight/block/TomatoVineBlock)
[02:37:11] [main/WARN]: @Mixin target com.nhoryzon.mc.farmersdelight.block.TomatoVineBlock was not found seasonsdelightcompat.mixins.json:TomatoVineBlockMixin from mod seasonsdelightcompat
[02:37:11] [main/WARN]: Error loading class: net/minecraft/class_4267 (java.lang.ClassNotFoundException: net/minecraft/class_4267)
[02:37:11] [main/WARN]: @Mixin target net.minecraft.class_4267 was not found serverbrowser.mixins.json:ServerSelectionMixin from mod serverbrowser
[02:37:11] [main/WARN]: Error loading class: net/minecraft/class_329 (java.lang.ClassNotFoundException: net/minecraft/class_329)
[02:37:11] [main/WARN]: @Mixin target net.minecraft.class_329 was not found shield_overhaul.mixins.json:CursorIconMixin from mod shield_overhaul
[02:37:11] [main/INFO]: Loaded config for: structureessentials.json
[02:37:11] [main/WARN]: Error loading class: me/jellysquid/mods/sodium/client/render/chunk/compile/pipeline/FluidRenderer (java.lang.ClassNotFoundException: me/jellysquid/mods/sodium/client/render/chunk/compile/pipeline/FluidRenderer)
[02:37:11] [main/WARN]: Error loading class: com/ishland/c2me/fixes/worldgen/threading_issues/common/CheckedThreadLocalRandom (java.lang.ClassNotFoundException: com/ishland/c2me/fixes/worldgen/threading_issues/common/CheckedThreadLocalRandom)
[02:37:11] [main/WARN]: Error loading class: com/beansgalaxy/backpacks/compat/TrinketsRegistry$1 (java.lang.ClassNotFoundException: com/beansgalaxy/backpacks/compat/TrinketsRegistry$1)
[02:37:11] [main/WARN]: Error loading class: io/github/apace100/apoli/power/KeepInventoryPower (java.lang.ClassNotFoundException: io/github/apace100/apoli/power/KeepInventoryPower)
[02:37:11] [main/WARN]: Error loading class: net/minecraft/class_465 (java.lang.ClassNotFoundException: net/minecraft/class_465)
[02:37:11] [main/WARN]: @Mixin target net.minecraft.class_465 was not found zenith.mixins.json:AbstractContainerScreenAccessor from mod zenith
[02:37:11] [main/WARN]: Error loading class: net/minecraft/class_332 (java.lang.ClassNotFoundException: net/minecraft/class_332)
[02:37:11] [main/WARN]: @Mixin target net.minecraft.class_332 was not found zenith.mixins.json:GuiGraphicsAccessor from mod zenith
[02:37:11] [main/WARN]: Error loading class: net/minecraft/class_8002 (java.lang.ClassNotFoundException: net/minecraft/class_8002)
[02:37:11] [main/WARN]: @Mixin target net.minecraft.class_8002 was not found zenith.mixins.json:TooltipRenderUtilAccessor from mod zenith
[02:37:11] [main/WARN]: Error loading class: org/jetbrains/annotations/ApiStatus$Internal (java.lang.ClassNotFoundException: org/jetbrains/annotations/ApiStatus$Internal)
[02:37:12] [main/INFO]: Loaded local config
[02:37:12] [main/INFO]: Loaded server config
[02:37:12] [main/WARN]: launchTarget: SERVER. Crash Assistant is client only mod. Mod will do nothing!
[02:37:12] [main/INFO]: Initializing MixinExtras via com.llamalad7.mixinextras.service.MixinExtrasServiceImpl(version=0.4.1).
[02:37:14] [main/WARN]: @ModifyVariable(@At("INVOKE")) Shift.BY=2 on accessories-fabric.mixins.json:LivingEntityMixin from mod accessories::localvar$zfc000$accessories$adjustLooting exceeds the maximum allowed value: 0. Increase the value of maxShiftBy to suppress this warning.
[02:37:15] [main/WARN]: Method overwrite conflict for getContainerCounter in porting_lib_accessors.mixins.json:common.accessor.ServerPlayerAccessor from mod porting_lib_accessors, previously written by com.helliongames.snifferplus.mixin.MixinServerPlayer. Skipping method.
[02:37:15] [main/WARN]: Method overwrite conflict for getContainerCounter in moonlight.mixins.json:ServerPlayerAccessor from mod moonlight, previously written by com.helliongames.snifferplus.mixin.MixinServerPlayer. Skipping method.
[02:37:15] [main/INFO]: Mixing common.MixinFriendlyByteBuf from mixins/common/nochatreports.mixins.json into net.minecraft.class_2540
[02:37:15] [main/INFO]: Renaming synthetic method lambda$onWriteJsonWithCodec$1(Ljava/lang/Object;Ljava/lang/String;)Lio/netty/handler/codec/EncoderException; to mdd8bdf8$nochatreports$lambda$onWriteJsonWithCodec$1$0 in mixins/common/nochatreports.mixins.json:common.MixinFriendlyByteBuf from mod nochatreports
[02:37:15] [main/INFO]: Renaming synthetic method lambda$onReadJsonWithCodec$0(Ljava/lang/String;)Lio/netty/handler/codec/DecoderException; to mdd8bdf8$nochatreports$lambda$onReadJsonWithCodec$0$1 in mixins/common/nochatreports.mixins.json:common.MixinFriendlyByteBuf from mod nochatreports
[02:37:15] [main/WARN]: @ModifyConstant conflict. Skipping xlpackets.mixins.json:PacketByteBufMixin from mod thiccpackets->@ModifyConstant::xlPackets(J)J with priority 1000, already redirected by packetfixer.v1_19_3.fabric.mixins.json:v1_19_3_fabric.FriendlyByteBufMixin from mod packetfixer->@ModifyConstant::packetfixer$readNbt$newSize(J)J with priority 1000
[02:37:16] [main/INFO]: Injecting BlockStateBase cache population hook into getNeighborPathNodeType from me.jellysquid.mods.lithium.mixin.ai.pathing.AbstractBlockStateMixin
[02:37:16] [main/INFO]: Injecting BlockStateBase cache population hook into getPathNodeType from me.jellysquid.mods.lithium.mixin.ai.pathing.AbstractBlockStateMixin
[02:37:16] [main/INFO]: Injecting BlockStateBase cache population hook into getAllFlags from me.jellysquid.mods.lithium.mixin.util.block_tracking.AbstractBlockStateMixin
[02:37:17] [main/WARN]: @Redirect conflict. Skipping mixins.redirected_fabric_1.20.1.json:net.minecraft.world.level.block.piston.PistonBaseBlockMixin from mod redirected->@Redirect::redirectDirections()[Lnet/minecraft/class_2350; with priority 10, already redirected by lithium.mixins.json:alloc.enum_values.piston_block.PistonBlockMixin from mod lithium->@Redirect::removeAllocation()[Lnet/minecraft/class_2350; with priority 1000
[02:37:17] [main/WARN]: @Redirect conflict. Skipping mixins.redirected_fabric_1.20.1.json:net.minecraft.world.level.block.piston.PistonBaseBlockMixin from mod redirected->@Redirect::redirectDirections()[Lnet/minecraft/class_2350; with priority 10, already redirected by lithium.mixins.json:alloc.enum_values.piston_block.PistonBlockMixin from mod lithium->@Redirect::removeAllocation()[Lnet/minecraft/class_2350; with priority 1000
[02:37:17] [main/WARN]: @Redirect conflict. Skipping mixins.redirected_fabric_1.20.1.json:net.minecraft.world.level.block.RedStoneWireBlockMixin from mod redirected->@Redirect::redirectDirections()[Lnet/minecraft/class_2350; with priority 10, already redirected by lithium.mixins.json:alloc.enum_values.redstone_wire.RedstoneWireBlockMixin from mod lithium->@Redirect::removeAllocation1()[Lnet/minecraft/class_2350; with priority 1000
[02:37:17] [main/WARN]: @Redirect conflict. Skipping mixins.redirected_fabric_1.20.1.json:net.minecraft.world.level.block.RedStoneWireBlockMixin from mod redirected->@Redirect::redirectDirections()[Lnet/minecraft/class_2350; with priority 10, already redirected by lithium.mixins.json:alloc.enum_values.redstone_wire.RedstoneWireBlockMixin from mod lithium->@Redirect::removeAllocation2()[Lnet/minecraft/class_2350; with priority 1000
[02:37:18] [main/INFO]: Instancing error handler class dev.isxander.debugify.mixinplugin.DebugifyErrorHandler
[02:37:18] [main/INFO]: Instancing error handler class com.illusivesoulworks.polymorph.mixin.IntegratedMixinPlugin
[02:37:18] [main/WARN]: Mixin apply for mod necronomicon failed necronomicon-common.mixins.json:item.AnimatedItemNameMixin from mod necronomicon -> net.minecraft.class_1799: org.spongepowered.asm.mixin.injection.throwables.InvalidInjectionException Critical injection failure: @Inject annotation on getName could not find any targets matching 'getHoverName' in net/minecraft/class_1799. No refMap loaded. [handler$fph003$necronomicon$getName(Lorg/spongepowered/asm/mixin/injection/callback/CallbackInfoReturnable;)V -> Parse ->  -> Validate Targets]
org.spongepowered.asm.mixin.injection.throwables.InvalidInjectionException: Critical injection failure: @Inject annotation on getName could not find any targets matching 'getHoverName' in net/minecraft/class_1799. No refMap loaded. [handler$fph003$necronomicon$getName(Lorg/spongepowered/asm/mixin/injection/callback/CallbackInfoReturnable;)V -> Parse ->  -> Validate Targets]
	at org.spongepowered.asm.mixin.injection.selectors.TargetSelectors.validate(TargetSelectors.java:346) ~[sponge-mixin-0.15.5+mixin.0.8.7.jar:0.15.5+mixin.0.8.7]
	at org.spongepowered.asm.mixin.injection.struct.InjectionInfo.readAnnotation(InjectionInfo.java:369) ~[sponge-mixin-0.15.5+mixin.0.8.7.jar:0.15.5+mixin.0.8.7]
	at org.spongepowered.asm.mixin.injection.struct.InjectionInfo.<init>(InjectionInfo.java:340) ~[sponge-mixin-0.15.5+mixin.0.8.7.jar:0.15.5+mixin.0.8.7]
	at org.spongepowered.asm.mixin.injection.struct.InjectionInfo.<init>(InjectionInfo.java:331) ~[sponge-mixin-0.15.5+mixin.0.8.7.jar:0.15.5+mixin.0.8.7]
	at org.spongepowered.asm.mixin.injection.struct.CallbackInjectionInfo.<init>(CallbackInjectionInfo.java:48) ~[sponge-mixin-0.15.5+mixin.0.8.7.jar:0.15.5+mixin.0.8.7]
	at jdk.internal.reflect.GeneratedConstructorAccessor24.newInstance(Unknown Source) ~[?:?]
	at jdk.internal.reflect.DelegatingConstructorAccessorImpl.newInstance(DelegatingConstructorAccessorImpl.java:45) ~[?:?]
	at java.lang.reflect.Constructor.newInstanceWithCaller(Constructor.java:500) ~[?:?]
	at java.lang.reflect.Constructor.newInstance(Constructor.java:481) ~[?:?]
	at org.spongepowered.asm.mixin.injection.struct.InjectionInfo$InjectorEntry.create(InjectionInfo.java:196) ~[sponge-mixin-0.15.5+mixin.0.8.7.jar:0.15.5+mixin.0.8.7]
	at org.spongepowered.asm.mixin.injection.struct.InjectionInfo.parse(InjectionInfo.java:664) ~[sponge-mixin-0.15.5+mixin.0.8.7.jar:0.15.5+mixin.0.8.7]
	at org.spongepowered.asm.mixin.transformer.MixinTargetContext.prepareInjections(MixinTargetContext.java:1399) ~[sponge-mixin-0.15.5+mixin.0.8.7.jar:0.15.5+mixin.0.8.7]
	at org.spongepowered.asm.mixin.transformer.MixinApplicatorStandard.prepareInjections(MixinApplicatorStandard.java:731) ~[sponge-mixin-0.15.5+mixin.0.8.7.jar:0.15.5+mixin.0.8.7]
	at org.spongepowered.asm.mixin.transformer.MixinApplicatorStandard.applyMixin(MixinApplicatorStandard.java:315) ~[sponge-mixin-0.15.5+mixin.0.8.7.jar:0.15.5+mixin.0.8.7]
	at org.spongepowered.asm.mixin.transformer.MixinApplicatorStandard.apply(MixinApplicatorStandard.java:246) ~[sponge-mixin-0.15.5+mixin.0.8.7.jar:0.15.5+mixin.0.8.7]
	at org.spongepowered.asm.mixin.transformer.TargetClassContext.apply(TargetClassContext.java:437) ~[sponge-mixin-0.15.5+mixin.0.8.7.jar:0.15.5+mixin.0.8.7]
	at org.spongepowered.asm.mixin.transformer.TargetClassContext.applyMixins(TargetClassContext.java:418) ~[sponge-mixin-0.15.5+mixin.0.8.7.jar:0.15.5+mixin.0.8.7]
	at org.spongepowered.asm.mixin.transformer.MixinProcessor.applyMixins(MixinProcessor.java:363) ~[sponge-mixin-0.15.5+mixin.0.8.7.jar:0.15.5+mixin.0.8.7]
	at org.spongepowered.asm.mixin.transformer.MixinTransformer.transformClass(MixinTransformer.java:234) ~[sponge-mixin-0.15.5+mixin.0.8.7.jar:0.15.5+mixin.0.8.7]
	at org.spongepowered.asm.mixin.transformer.MixinTransformer.transformClassBytes(MixinTransformer.java:202) ~[sponge-mixin-0.15.5+mixin.0.8.7.jar:0.15.5+mixin.0.8.7]
	at net.fabricmc.loader.impl.launch.knot.KnotClassDelegate.getPostMixinClassByteArray(KnotClassDelegate.java:422) ~[fabric-loader-0.16.14.jar:?]
	at net.fabricmc.loader.impl.launch.knot.KnotClassDelegate.tryLoadClass(KnotClassDelegate.java:323) ~[fabric-loader-0.16.14.jar:?]
	at net.fabricmc.loader.impl.launch.knot.KnotClassDelegate.loadClass(KnotClassDelegate.java:218) ~[fabric-loader-0.16.14.jar:?]
	at net.fabricmc.loader.impl.launch.knot.KnotClassLoader.loadClass(KnotClassLoader.java:119) ~[fabric-loader-0.16.14.jar:?]
	at java.lang.ClassLoader.loadClass(ClassLoader.java:525) ~[?:?]
	at net.minecraft.class_5620.method_32211(class_5620.java:39) ~[server-intermediary.jar:?]
	at net.minecraft.class_156.method_654(class_156.java:436) ~[server-intermediary.jar:?]
	at net.minecraft.class_5620.method_32206(class_5620.java:39) ~[server-intermediary.jar:?]
	at net.minecraft.class_5620.<clinit>(class_5620.java:33) ~[server-intermediary.jar:?]
	at net.minecraft.class_5546.<init>(class_5546.java:17) ~[server-intermediary.jar:?]
	at net.minecraft.class_2246.<clinit>(class_2246.java:477) ~[server-intermediary.jar:?]
	at net.minecraft.class_2358.method_10199(class_2358.java:326) ~[server-intermediary.jar:?]
	at net.minecraft.class_2966.method_12851(class_2966.java:54) ~[server-intermediary.jar:?]
	at net.minecraft.server.Main.main(Main.java:109) ~[server-intermediary.jar:?]
	at net.fabricmc.loader.impl.game.minecraft.MinecraftGameProvider.launch(MinecraftGameProvider.java:480) ~[fabric-loader-0.16.14.jar:?]
	at net.fabricmc.loader.impl.launch.knot.Knot.launch(Knot.java:74) ~[fabric-loader-0.16.14.jar:?]
	at net.fabricmc.loader.impl.launch.knot.KnotServer.main(KnotServer.java:23) ~[fabric-loader-0.16.14.jar:?]
	at net.fabricmc.loader.impl.launch.server.FabricServerLauncher.main(FabricServerLauncher.java:69) ~[fabric-loader-0.16.14.jar:?]
	at net.fabricmc.installer.ServerLauncher.main(ServerLauncher.java:69) ~[fabric-server-launch.jar:1.0.1]
[02:37:19] [main/WARN]: Method overwrite conflict for method_7844 in ranged_weapon_api.mixins.json:item.RangedWeaponItemMixin from mod ranged_weapon_api, previously written by net.projectile_damage.mixin.RangedWeaponItemMixin. Skipping method.
[02:37:19] [main/WARN]: Injection warning: LVT in net/minecraft/class_1774::method_7884(Lnet/minecraft/class_1838;)Lnet/minecraft/class_1269; has incompatible changes at opcode 124 in callback dragonfight.mixins.json:dragon.EndCrystalItemMixin from mod dragonfight->@Inject::onAddCrystal(Lnet/minecraft/class_1838;Lorg/spongepowered/asm/mixin/injection/callback/CallbackInfoReturnable;Lnet/minecraft/class_1937;Lnet/minecraft/class_2338;Lnet/minecraft/class_2680;Lnet/minecraft/class_2338;DDDLjava/util/List;Lnet/minecraft/class_1511;)V.
 Expected: [Lnet/minecraft/class_1937;, Lnet/minecraft/class_2338;, Lnet/minecraft/class_2680;, Lnet/minecraft/class_2338;, D, D, D, Ljava/util/List;, Lnet/minecraft/class_1511;]
    Found: [Lnet/minecraft/class_1937;, Lnet/minecraft/class_2338;, Lnet/minecraft/class_2338;, D, D, D, Lnet/minecraft/class_1511;]
Available: [Lnet/minecraft/class_1937;, Lnet/minecraft/class_2338;, Lnet/minecraft/class_2338;, D, D, D, Lnet/minecraft/class_1511;]
[02:37:21] [main/INFO]: Mixing server.MixinServerGamePacketListenerImpl from mixins/common/nochatreports.mixins.json into net.minecraft.class_3244
[02:37:21] [main/WARN]: @Inject(@At("INVOKE")) Shift.BY=2 on accessories-common.mixins.json:NbtCompoundMixin from mod accessories::handler$zfn000$accessories$adjustCheckForListVariants exceeds the maximum allowed value: 0. Increase the value of maxShiftBy to suppress this warning.
[02:37:21] [main/INFO]: [Kibe] Creating Trinket AbilityRing for minecraft:mayfly
[02:37:21] [main/INFO]: [Kibe] Creating Trinket AbilityRing for kibe:magma_ability
[02:37:21] [main/INFO]: [Kibe] Creating Trinket AbilityRing for kibe:water_ability
[02:37:21] [main/INFO]: [Kibe] Trying to read config file...
[02:37:21] [main/INFO]: [Kibe] A config file was found, loading it..
[02:37:21] [main/INFO]: [Kibe] Successfully loaded config file.
[02:37:22] [main/WARN]: Static binding violation: PRIVATE @Overwrite method method_21740 in modernfix-common.mixins.json:perf.remove_biome_temperature_cache.BiomeMixin from mod modernfix cannot reduce visibiliy of PUBLIC target method, visibility will be upgraded.
[02:37:22] [main/WARN]: Method overwrite conflict for method_21740 in modernfix-common.mixins.json:perf.remove_biome_temperature_cache.BiomeMixin from mod modernfix, previously written by me.jellysquid.mods.lithium.mixin.world.temperature_cache.BiomeMixin. Skipping method.
[02:37:23] [main/INFO]: Vanilla bootstrap took 7735 milliseconds
[02:37:23] [main/INFO]: [bclib] Added Config betternether.main to auto sync (file hash)
[02:37:23] [main/INFO]: [bclib] Added Config betternether.generator to auto sync (file hash)
[02:37:23] [main/INFO]: [bclib] Added Config betternether.blocks to auto sync (file hash)
[02:37:23] [main/INFO]: [bclib] Added Config betternether.items to auto sync (file hash)
[02:37:23] [main/INFO]: [bclib] Added Config betternether.biomes to auto sync (file hash)
[02:37:23] [main/INFO]: [bclib] Added Config betternether.mobs to auto sync (file hash)
[02:37:23] [main/INFO]: [bclib] Added Config betternether.recipes to auto sync (file hash)
[02:37:24] [main/WARN]: [bclib] Recipe betternether:bone_block_bone_button only takes in a single item and should be shapeless
[02:37:24] [main/ERROR]: Entity eldritch_end:ominous_eye has no attributes
[02:37:24] [main/ERROR]: Entity eldritch_end:aberration has no attributes
[02:37:24] [main/ERROR]: Entity eldritch_end:tentacle has no attributes
[02:37:24] [main/ERROR]: Entity eldritch_end:undead_tentacle has no attributes
[02:37:24] [main/ERROR]: Entity eldritch_end:dendler has no attributes
[02:37:24] [main/ERROR]: Entity eldritch_end:the_faceless has no attributes
[02:37:24] [main/INFO]: Registering C2S receiver with id aaa_particles:main/2b101225a0983c178c43c737d76def52
[02:37:24] [main/INFO]: Registering C2S receiver with id aaa_particles:main/878ba3ad853235668eff51eb0a40c900
[02:37:24] [main/INFO]: Registering C2S receiver with id aaa_particles:main/878ba3ad853235668eff51eb0a40c900
[02:37:24] [main/INFO]: Registering C2S receiver with id aaa_particles:main/9b5bc39f00d53db2acf81d859b596583
[02:37:24] [main/INFO]: Registered Trinkets Reloaded Listeners
[02:37:26] [main/INFO]: Initializing platform helper for Advanced Netherite!
[02:37:26] [main/INFO]: [AllTheTrims] Config loaded
[02:37:26] [main/INFO]: Loaded config amendments-common.json
[02:37:26] [main/INFO]: [Animal Feeding Trough] Load Complete! Enjoy :D
[02:37:26] [main/INFO]: [AqUpd's mobs] Caracal mod is loaded!
[02:37:26] [main/INFO]: Registering Mod Items for archers_expansion
[02:37:26] [main/INFO]: Registering Item Groups for archers_expansion
[02:37:26] [main/INFO]: Registering C2S receiver with id artifacts:networking_channel/42a7ad70b1cc371599a0eff744096b8a
[02:37:26] [main/INFO]: Registering C2S receiver with id artifacts:networking_channel/74a5e841822a3a87854ae896a33430d6
[02:37:26] [main/INFO]: Registering C2S receiver with id artifacts:networking_channel/eb3d1e2748533430848cadf0f37c7e9c
[02:37:26] [main/INFO]: Registering C2S receiver with id artifacts:networking_channel/91c8520f19f93b3e8b6a727568e194ab
[02:37:26] [main/INFO]: Registering C2S receiver with id artifacts:networking_channel/8c2784d778293fd482ed84b8aa5fedb9
[02:37:26] [main/INFO]: Registering C2S receiver with id artifacts:networking_channel/ea038224ea783d40b2863f52239e2604
[02:37:26] [main/INFO]: Registering C2S receiver with id artifacts:networking_channel/97ad64b7ecaf33209991c4f031501a58
[02:37:27] [main/INFO]: Registered azurelib config for auto-sync function
[02:37:27] [main/INFO]: Constructing common components for barteringstation:main
[02:37:27] [main/INFO]: Better Compatibility Checker starting
[02:37:27] [main/INFO]: Loading config file
[02:37:27] [main/INFO]: Config file loaded
[02:37:27] [main/INFO]: [bclib] Added Config bclib.generator to auto sync (file hash)
[02:37:27] [main/INFO]: [bclib] Added Config bclib.main to auto sync (content diff)
[02:37:27] [main/INFO]: [bclib] Added Config bclib.biomes to auto sync (file hash)
[02:37:27] [main/INFO]: Better Archeology says Hello
[02:37:27] [main/INFO]: Registering Items from betterarcheology
[02:37:27] [main/INFO]: Registering Blocks from betterarcheology
[02:37:27] [main/INFO]: ModEntityTypes of betterarcheology registered.
[02:37:27] [main/INFO]: Registering JEI Recipe Serializers for betterarcheology
[02:37:27] [main/INFO]: Registering Enchantments for betterarcheology
[02:37:27] [main/WARN]: @ModifyConstant conflict. Skipping xlpackets.mixins.json:ClientboundCustomPayloadPacketMixin from mod thiccpackets->@ModifyConstant::xlPackets(I)I with priority 1000, already redirected by packetfixer.v1_19_3.fabric.mixins.json:v1_19_3_fabric.ClientboundCustomPayloadPacketMixin from mod packetfixer->@ModifyConstant::packetfixer$newSize(I)I with priority 1000
[02:37:27] [main/WARN]: @ModifyConstant conflict. Skipping xlpackets.mixins.json:ClientboundCustomPayloadPacketMixin from mod thiccpackets->@ModifyConstant::xlPackets(I)I with priority 1000, already redirected by packetfixer.v1_19_3.fabric.mixins.json:v1_19_3_fabric.ClientboundCustomPayloadPacketMixin from mod packetfixer->@ModifyConstant::packetfixer$newSize(I)I with priority 1000
[02:37:27] [main/WARN]: @ModifyConstant conflict. Skipping connectivity.mixins.json:ClientboundCustomPayloadPacketMixin from mod connectivity->@ModifyConstant::modifyLimit(I)I with priority 1, already redirected by packetfixer.v1_19_3.fabric.mixins.json:v1_19_3_fabric.ClientboundCustomPayloadPacketMixin from mod packetfixer->@ModifyConstant::packetfixer$newSize(I)I with priority 1000
[02:37:27] [main/INFO]: Reflections took 71 ms to scan 1 urls, producing 1 keys and 2 values
[02:37:27] [main/INFO]: Reflections took 3 ms to scan 1 urls, producing 1 keys and 2 values
[02:37:27] [main/INFO]: Reflections took 3 ms to scan 1 urls, producing 1 keys and 3 values
[02:37:27] [main/INFO]: Reflections took 2 ms to scan 1 urls, producing 1 keys and 3 values
[02:37:27] [main/INFO]: [bclib] Added Config betterend.entities to auto sync (file hash)
[02:37:27] [main/INFO]: [bclib] Added Config betterend.blocks to auto sync (file hash)
[02:37:27] [main/INFO]: [bclib] Added Config betterend.items to auto sync (file hash)
[02:37:27] [main/INFO]: [bclib] Added Config betterend.biomes to auto sync (file hash)
[02:37:27] [main/INFO]: [bclib] Added Config betterend.recipes to auto sync (file hash)
[02:37:27] [main/INFO]: [bclib] Added Config betterend.enchantments to auto sync (file hash)
[02:37:28] [main/INFO]: Hello Fabric world!
[02:37:28] [main/INFO]: Reflections took 1 ms to scan 1 urls, producing 1 keys and 2 values
[02:37:28] [main/INFO]: Reflections took 1 ms to scan 1 urls, producing 1 keys and 2 values
[02:37:28] [main/INFO]: Reflections took 2 ms to scan 1 urls, producing 1 keys and 1 values
[02:37:28] [main/INFO]: Reflections took 1 ms to scan 1 urls, producing 1 keys and 1 values
[02:37:28] [main/INFO]: Reflections took 1 ms to scan 1 urls, producing 1 keys and 3 values
[02:37:28] [main/INFO]: Reflections took 1 ms to scan 1 urls, producing 1 keys and 3 values
[02:37:28] [main/INFO]: Reflections took 1 ms to scan 1 urls, producing 1 keys and 2 values
[02:37:28] [main/INFO]: Reflections took 1 ms to scan 1 urls, producing 1 keys and 2 values
[02:37:28] [main/INFO]: [betternether] =^..^=    BetterNether for 1.20    =^..^=
[02:37:28] [main/WARN]: @Redirect conflict. Skipping mixins.redirected_fabric_1.20.1.json:net.minecraft.world.level.block.state.CacheMixin from mod redirected->@Redirect::redirectSupportTypes()[Lnet/minecraft/class_5431; with priority 10, already redirected by modernfix-common.mixins.json:perf.cache_blockstate_cache_arrays.AbstractBlockStateCacheMixin from mod modernfix->@Redirect::getVoxelShapeValues()[Lnet/minecraft/class_5431; with priority 1000
[02:37:28] [main/INFO]: Reflections took 1 ms to scan 1 urls, producing 1 keys and 1 values
[02:37:28] [main/INFO]: Reflections took 1 ms to scan 1 urls, producing 1 keys and 1 values
[02:37:28] [main/INFO]: Reflections took 2 ms to scan 1 urls, producing 1 keys and 2 values
[02:37:28] [main/INFO]: Reflections took 1 ms to scan 1 urls, producing 1 keys and 2 values
[02:37:28] [main/INFO]: Reflections took 1 ms to scan 1 urls, producing 1 keys and 1 values
[02:37:28] [main/INFO]: Reflections took 0 ms to scan 1 urls, producing 1 keys and 1 values
[02:37:28] [main/INFO]: Biolith is initializing...
[02:37:28] [main/INFO]: Enabling Biolith's TerraBlender compatibility layer.
[02:37:28] [main/INFO]: Constructing common components for blockrunner:main
[02:37:28] [main/INFO]: BoatBreakFix initialized
[02:37:28] [main/INFO]: Fixing MC-151457. Crafting remainder for minecraft:pufferfish_bucket is now minecraft:bucket.
[02:37:28] [main/INFO]: Fixing MC-151457. Crafting remainder for minecraft:salmon_bucket is now minecraft:bucket.
[02:37:28] [main/INFO]: Fixing MC-151457. Crafting remainder for minecraft:cod_bucket is now minecraft:bucket.
[02:37:28] [main/INFO]: Fixing MC-151457. Crafting remainder for minecraft:tropical_fish_bucket is now minecraft:bucket.
[02:37:28] [main/INFO]: Fixing MC-151457. Crafting remainder for minecraft:axolotl_bucket is now minecraft:bucket.
[02:37:28] [main/INFO]: Fixing MC-151457. Crafting remainder for minecraft:powder_snow_bucket is now minecraft:bucket.
[02:37:28] [main/INFO]: Fixing MC-151457. Crafting remainder for minecraft:tadpole_bucket is now minecraft:bucket.
[02:37:29] [main/INFO]: Registering C2S receiver with id brewery:alcohol_sync_request
[02:37:29] [main/INFO]: Registering C2S receiver with id brewery:drink_alcohol
[02:37:29] [main/INFO]: Hello Fabric world!
[02:37:29] [main/INFO]: [STDOUT]: All 6 have been set properly
[02:37:29] [main/INFO]: Loading Collective version 8.3.
[02:37:29] [main/INFO]: File exists, reading config for elocindev.combat_effects.config.entries.MainConfig.
[02:37:29] [main/INFO]: Config for elocindev.combat_effects.config.entries.MainConfig read successfully.
[02:37:30] [Cicada thread 0/INFO]: [do_a_barrel_roll] Available on Modrinth!
[02:37:30] [Cicada thread 0/INFO]: [do_a_barrel_roll] Also Curseforge, but yknow...
[02:37:30] [main/INFO]: Initialized entity types.
[02:37:30] [main/INFO]: Connectivity initialized
[02:37:30] [main/INFO]: fabric loader environment detected
[02:37:32] [main/INFO]: Hello 1.20.1 Create!
[02:37:32] [main/INFO]: File exists, reading config for elocindev.create_questing.fabric.config.ConfigEntries.
[02:37:32] [main/INFO]: Config for elocindev.create_questing.fabric.config.ConfigEntries read successfully.
[02:37:32] [main/INFO]: Loaded Create Questing Config
[02:37:32] [main/WARN]: Tried to register an overly high cookTime: 57600 > 32767! (air)
[02:37:32] [main/INFO]: [STDOUT]: Create Crafts & Additions Initialized!
[02:37:32] [main/INFO]: Creating default config file: croptopia_v3.conf
[02:37:32] [main/INFO]: Loaded config for: cupboard.json
[02:37:32] [main/INFO]: File exists, reading config for elocindev.customentityattributes.config.CEABasicConfig.
[02:37:32] [main/INFO]: Config for elocindev.customentityattributes.config.CEABasicConfig read successfully.
[02:37:32] [main/INFO]: File exists, reading config for elocindev.customentityattributes.config.CEAAdvancedConfig.
[02:37:32] [main/INFO]: Config for elocindev.customentityattributes.config.CEAAdvancedConfig read successfully.
[02:37:32] [main/INFO]: File exists, reading config for elocindev.customitemattributes.config.CIAConfig.
[02:37:32] [main/INFO]: Config for elocindev.customitemattributes.config.CIAConfig read successfully.
[02:37:32] [main/INFO]: File exists, reading config for elocindev.deathknights.config.entries.enchants.DecayingEnchantConfig.
[02:37:32] [main/INFO]: Config for elocindev.deathknights.config.entries.enchants.DecayingEnchantConfig read successfully.
[02:37:32] [main/INFO]: File exists, reading config for elocindev.deathknights.config.entries.loot.JewelryLootConfig.
[02:37:32] [main/INFO]: Config for elocindev.deathknights.config.entries.loot.JewelryLootConfig read successfully.
[02:37:32] [main/INFO]: File exists, reading config for elocindev.deathknights.config.entries.spells.frost.ObliterateConfig.
[02:37:32] [main/INFO]: Config for elocindev.deathknights.config.entries.spells.frost.ObliterateConfig read successfully.
[02:37:32] [main/INFO]: File exists, reading config for elocindev.deathknights.config.entries.spells.frost.RemorselessWinterConfig.
[02:37:32] [main/INFO]: Config for elocindev.deathknights.config.entries.spells.frost.RemorselessWinterConfig read successfully.
[02:37:32] [main/INFO]: File exists, reading config for elocindev.deathknights.config.entries.spells.frost.BreathOfAgonyConfig.
[02:37:32] [main/INFO]: Config for elocindev.deathknights.config.entries.spells.frost.BreathOfAgonyConfig read successfully.
[02:37:32] [main/INFO]: File exists, reading config for elocindev.deathknights.config.entries.spells.unholy.PlaguesConfig.
[02:37:32] [main/INFO]: Config for elocindev.deathknights.config.entries.spells.unholy.PlaguesConfig read successfully.
[02:37:32] [main/INFO]: File exists, reading config for elocindev.deathknights.config.entries.spells.unholy.DeathCoilConfig.
[02:37:32] [main/INFO]: Config for elocindev.deathknights.config.entries.spells.unholy.DeathCoilConfig read successfully.
[02:37:32] [main/INFO]: File exists, reading config for elocindev.deathknights.config.entries.spells.unholy.EpidemicConfig.
[02:37:32] [main/INFO]: Config for elocindev.deathknights.config.entries.spells.unholy.EpidemicConfig read successfully.
[02:37:32] [main/INFO]: File exists, reading config for elocindev.deathknights.config.entries.spells.unholy.DeathGripConfig.
[02:37:32] [main/INFO]: Config for elocindev.deathknights.config.entries.spells.unholy.DeathGripConfig read successfully.
[02:37:32] [main/INFO]: File exists, reading config for elocindev.deathknights.config.entries.spells.blood.DeathStrikeConfig.
[02:37:32] [main/INFO]: Config for elocindev.deathknights.config.entries.spells.blood.DeathStrikeConfig read successfully.
[02:37:32] [main/INFO]: File exists, reading config for elocindev.deathknights.config.entries.spells.blood.MarrowrendConfig.
[02:37:32] [main/INFO]: Config for elocindev.deathknights.config.entries.spells.blood.MarrowrendConfig read successfully.
[02:37:32] [main/INFO]: File exists, reading config for elocindev.deathknights.config.entries.spells.blood.BloodBoilConfig.
[02:37:32] [main/INFO]: Config for elocindev.deathknights.config.entries.spells.blood.BloodBoilConfig read successfully.
[02:37:32] [main/INFO]: File exists, reading config for elocindev.deathknights.config.entries.spells.blood.BloodThirstConfig.
[02:37:32] [main/INFO]: Config for elocindev.deathknights.config.entries.spells.blood.BloodThirstConfig read successfully.
[02:37:32] [main/INFO]: Death Knights Config Loaded!
[02:37:32] [main/INFO]: Death Knights Initialized!
[02:37:32] [main/INFO]: Saving config because the loaded bug fixes are different to stored json.
[02:37:32] [main/INFO]: Saving Debugify
[02:37:32] [main/INFO]: Enabled 2 bug fixes: [MC-89146, MC-199467]
[02:37:32] [main/INFO]: Successfully Debugify'd your game!
[02:37:33] [main/INFO]: Bypassed Mojang DFU
[02:37:33] [main/INFO]: Instantiating Mojang DFU
[02:37:33] [main/ERROR]: No data fixer registered for crystallized_amber
[02:37:33] [main/ERROR]: No data fixer registered for sculk_jaw
[02:37:34] [main/INFO]: Derelict initializing
[02:37:34] [main/INFO]: Loaded DEUF Refabricated Config
[02:37:34] [main/INFO]: Loaded config dummmmmmy-common.json
[02:37:34] [main/WARN]: Lithium detected. MmmMmmMmmMmm scarecrow mode might not work well due to a lithium bug (the mod doesnt have a way to add goals to new entities)
[02:37:34] [main/INFO]: File exists, reading config for elocindev.eldritch_end.config.entries.biomes.PrimordialAbyssConfig.
[02:37:34] [main/INFO]: Config for elocindev.eldritch_end.config.entries.biomes.PrimordialAbyssConfig read successfully.
[02:37:34] [main/INFO]: File exists, reading config for elocindev.eldritch_end.config.entries.biomes.HasturianWastesConfig.
[02:37:34] [main/INFO]: Config for elocindev.eldritch_end.config.entries.biomes.HasturianWastesConfig read successfully.
[02:37:34] [main/INFO]: File exists, reading config for elocindev.eldritch_end.config.entries.entities.AberrationConfig.
[02:37:34] [main/INFO]: Config for elocindev.eldritch_end.config.entries.entities.AberrationConfig read successfully.
[02:37:34] [main/INFO]: File exists, reading config for elocindev.eldritch_end.config.entries.entities.TentacleConfig.
[02:37:34] [main/INFO]: Config for elocindev.eldritch_end.config.entries.entities.TentacleConfig read successfully.
[02:37:34] [main/INFO]: File exists, reading config for elocindev.eldritch_end.config.entries.entities.DendlerConfig.
[02:37:34] [main/INFO]: Config for elocindev.eldritch_end.config.entries.entities.DendlerConfig read successfully.
[02:37:34] [main/INFO]: File exists, reading config for elocindev.eldritch_end.config.entries.entities.boss.FacelessConfig.
[02:37:34] [main/INFO]: Config for elocindev.eldritch_end.config.entries.entities.boss.FacelessConfig read successfully.
[02:37:34] [main/INFO]: File exists, reading config for elocindev.eldritch_end.config.entries.entities.boss.HasturConfig.
[02:37:34] [main/INFO]: Config for elocindev.eldritch_end.config.entries.entities.boss.HasturConfig read successfully.
[02:37:34] [main/INFO]: File exists, reading config for elocindev.eldritch_end.config.entries.entities.boss.EyeConfig.
[02:37:34] [main/INFO]: Config for elocindev.eldritch_end.config.entries.entities.boss.EyeConfig read successfully.
[02:37:34] [main/INFO]: File exists, reading config for elocindev.eldritch_end.config.entries.mechanics.CorruptionConfig.
[02:37:34] [main/INFO]: Config for elocindev.eldritch_end.config.entries.mechanics.CorruptionConfig read successfully.
[02:37:34] [main/INFO]: File exists, reading config for elocindev.eldritch_end.config.entries.mechanics.InfusionConfig.
[02:37:34] [main/INFO]: Config for elocindev.eldritch_end.config.entries.mechanics.InfusionConfig read successfully.
[02:37:34] [main/INFO]: File exists, reading config for elocindev.eldritch_end.config.entries.item.XalConfig.
[02:37:34] [main/INFO]: Config for elocindev.eldritch_end.config.entries.item.XalConfig read successfully.
[02:37:34] [main/INFO]: Eldritch End's Config Loaded!
[02:37:34] [main/INFO]: Registered Eldritch End items
[02:37:34] [main/INFO]: Loaded config :emi_loot_config in 440ms
[02:37:34] [main/INFO]: Registering Item Group for ends_delight
[02:37:35] [main/INFO]: Registering Mod Blocks for ends_delight
[02:37:35] [main/INFO]: Registering Mod Features for ends_delight
[02:37:35] [main/INFO]: Injecting Estrogen into your veins!
[02:37:35] [main/INFO]: ExpandAbility here, who dis?
[02:37:35] [main/INFO]: Hello Fabric world!
[02:37:35] [main/INFO]: Look at the cleanse, look at the moves!
[02:37:35] [Placebo (FakerLib) Patreon Wing Loader/INFO]: Loading patreon wing data...
[02:37:35] [Placebo (FakerLib) Patreon Trail Loader/INFO]: Loading patreon trails data...
[02:37:35] [main/INFO]: File exists, reading config for elocindev.fancy_hotbar.config.FancyHotbarConfig.
[02:37:35] [main/INFO]: Config for elocindev.fancy_hotbar.config.FancyHotbarConfig read successfully.
[02:37:35] [Placebo (FakerLib) Patreon Trail Loader/INFO]: Loaded 33 patreon trails.
[02:37:35] [Placebo (FakerLib) Patreon Wing Loader/INFO]: Loaded 25 patreon wings.
[02:37:35] [main/INFO]: Farmer's Knives loaded!
[02:37:35] [main/INFO]: Initialized Frostiful!
[02:37:35] [main/INFO]: Registering C2S receiver with id ftblibrary:edit_nbt_response
[02:37:35] [main/INFO]: Registering C2S receiver with id ftbquests:submit_task
[02:37:35] [main/INFO]: Registering C2S receiver with id ftbquests:claim_reward
[02:37:35] [main/INFO]: Registering C2S receiver with id ftbquests:get_emergency_items
[02:37:35] [main/INFO]: Registering C2S receiver with id ftbquests:claim_all_rewards
[02:37:35] [main/INFO]: Registering C2S receiver with id ftbquests:claim_choice_reward
[02:37:35] [main/INFO]: Registering C2S receiver with id ftbquests:toggle_pinned
[02:37:35] [main/INFO]: Registering C2S receiver with id ftbquests:toggle_chapter_pinned
[02:37:35] [main/INFO]: Registering C2S receiver with id ftbquests:toggle_editing_mode
[02:37:35] [main/INFO]: Registering C2S receiver with id ftbquests:force_save
[02:37:35] [main/INFO]: Registering C2S receiver with id ftbquests:set_custom_image
[02:37:35] [main/INFO]: Registering C2S receiver with id ftbquests:task_screen_config_resp
[02:37:35] [main/INFO]: Registering C2S receiver with id ftbquests:change_progress
[02:37:35] [main/INFO]: Registering C2S receiver with id ftbquests:create_object
[02:37:35] [main/INFO]: Registering C2S receiver with id ftbquests:create_task_at
[02:37:35] [main/INFO]: Registering C2S receiver with id ftbquests:delete_object
[02:37:35] [main/INFO]: Registering C2S receiver with id ftbquests:edit_object
[02:37:35] [main/INFO]: Registering C2S receiver with id ftbquests:move_chapter
[02:37:35] [main/INFO]: Registering C2S receiver with id ftbquests:move_quest
[02:37:35] [main/INFO]: Registering C2S receiver with id ftbquests:change_chapter_group
[02:37:35] [main/INFO]: Registering C2S receiver with id ftbquests:move_chapter_group
[02:37:35] [main/INFO]: Registering C2S receiver with id ftbquests:copy_quest
[02:37:35] [main/INFO]: Registering C2S receiver with id ftbquests:copy_chapter_image
[02:37:35] [main/INFO]: Registering C2S receiver with id ftbquests:sync_structures_request
[02:37:35] [main/INFO]: Registering C2S receiver with id ftbquests:request_team_data
[02:37:35] [main/INFO]: Registering C2S receiver with id ftbteams:open_gui
[02:37:35] [main/INFO]: Registering C2S receiver with id ftbteams:update_settings
[02:37:35] [main/INFO]: Registering C2S receiver with id ftbteams:send_message
[02:37:35] [main/INFO]: Registering C2S receiver with id ftbteams:create_party
[02:37:35] [main/INFO]: Registering C2S receiver with id ftbteams:player_gui_operation
[02:37:35] [main/INFO]: Is initializing.
[02:37:35] [main/INFO]: Has successfully been initialized.
[02:37:35] [main/INFO]: Initializing Gimm1q - Mim1q's Fabric modding library!
[02:37:35] [main/WARN]: Method overwrite conflict for getRolls in emi_loot.mixins.json:LootPoolAccessor from mod emi_loot, previously written by net.fabricmc.fabric.mixin.loot.table.LootPoolMixin. Skipping method.
[02:37:35] [main/INFO]: Registered JSON trade offer adapter.
[02:37:36] [main/INFO]: Industrial Revolution has initialized.
[02:37:36] [main/INFO]: Hello Fabric world!
[02:37:36] [main/INFO]: File exists, reading config for elocindev.item_obliterator.fabric_quilt.config.ConfigEntries.
[02:37:36] [main/INFO]: Config for elocindev.item_obliterator.fabric_quilt.config.ConfigEntries read successfully.
[02:37:36] [main/INFO]: Item Obliterator Config Loaded
[02:37:36] [main/INFO]: Registering C2S receiver with id itemfilters:main/14e7fa1454283aec8ae811ef844ada28
[02:37:36] [main/INFO]: Registering C2S receiver with id itemfilters:main/8f6a899247753217b9d86ab427a2b279
[02:37:36] [main/INFO]: Initializing JamLib on Fabric
[02:37:36] [main/INFO]: [KONKRETE] Successfully initialized!
[02:37:36] [main/INFO]: [KONKRETE] Server-side libs ready to use!
[02:37:36] [main/INFO]: Constructing common components for leavesbegone:main
[02:37:36] [main/INFO]: [LMFT]: Loaded Config File!
[02:37:36] [main/INFO]: Constructing common components for magnumtorch:main
[02:37:37] [main/INFO]: Registering Blocks for mcda
[02:37:37] [main/INFO]: [MELODY] Disabling Melody since it's loaded server-side.
[02:37:37] [main/INFO]: Loaded config for: memorysettings.json
[02:37:37] [main/WARN]: You have more more memory allocated than recommended for your system, the recommended amount for your system is: 8189 mb.

[02:37:37] [main/INFO]: Definitely not up to no good
[02:37:37] [main/INFO]: [STDOUT]: All 13 have been set properly
[02:37:37] [main/INFO]: Registered mobs_of_mythology config for auto-sync function
[02:37:37] [main/INFO]: Modern Industrialization setup done!
[02:37:37] [main/INFO]: [STDOUT]: found type, is TWO
[02:37:37] [main/INFO]: [STDOUT]: [Modpack Update Checker] Loaded configuration file.
[02:37:37] [main/INFO]: Loaded config moonlight-common.json
[02:37:38] [main/INFO]: [Mythic Charms] Initializing...
[02:37:38] [main/INFO]: Registering Mod Items for more_rpg_classes
[02:37:38] [main/INFO]: Registering Item Groups for more_rpg_classes
[02:37:38] [main/INFO]: Giving mobs a fresh coat of paint...
[02:37:38] [main/INFO]: Constructing common components for mutantmonsters:main
[02:37:38] [main/INFO]: Loading common config for mutantmonsters
[02:37:38] [Thread-5/INFO]: Reloading common config for mutantmonsters
[02:37:38] [Thread-5/INFO]: Reloading common config for mutantmonsters
[02:37:38] [main/INFO]: Registering Mythic Items for mythicupgrades
[02:37:38] [main/INFO]: Registering Mythic Blocks for mythicupgrades
[02:37:38] [main/INFO]: Registering resource pack 32x...
[02:37:38] [main/INFO]: Successfully registered resource pack 32x.
[02:37:38] [main/INFO]: Mythic Upgrades works properly! CAN, ANNENE SELAMLAR KARDESIM! <3
[02:37:38] [main/INFO]: Chase your dreams, no matter the cost. Don't wait for invitations, take action. Making a decision, starting something - that's half the battle of achieving success.
[02:37:38] [main/INFO]: Necronomicon Initialized
[02:37:38] [main/INFO]: File exists, reading config for elocindev.necronomicon.NecronomiconConfig.
[02:37:38] [main/INFO]: Config for elocindev.necronomicon.NecronomiconConfig read successfully.
[02:37:38] [main/INFO]: Constructing common components for netherchested:main
[02:37:38] [main/INFO]: Registering Items for netherdepthsupgrade
[02:37:38] [main/INFO]: Registering Blocks for netherdepthsupgrade
[02:37:38] [main/INFO]: Registering Block Entities for netherdepthsupgrade
[02:37:38] [main/INFO]: Registering tabs for netherdepthsupgrade
[02:37:38] [main/INFO]: Registering Entity Types for netherdepthsupgrade
[02:37:38] [main/INFO]: Registering Effects for netherdepthsupgrade
[02:37:38] [main/INFO]: Registering Potions for netherdepthsupgrade
[02:37:38] [main/INFO]: Registering Enchantments for netherdepthsupgrade
[02:37:38] [main/INFO]: Registering Particles for netherdepthsupgrade
[02:37:38] [main/INFO]: Registering Features for netherdepthsupgrade
[02:37:38] [main/INFO]: Registering ConfiguredFeatures for netherdepthsupgrade
[02:37:38] [main/INFO]: Registering PlacedFeatures for netherdepthsupgrade
[02:37:38] [main/INFO]: Registering Structures for netherdepthsupgrade
[02:37:38] [main/INFO]: Setting up compat for Farmers Delight
[02:37:38] [main/INFO]: KONNICHIWA ZA WARUDO!
[02:37:38] [main/INFO]: Default JVM text encoding is: UTF-8
[02:37:38] [main/INFO]: Reading config file NoChatReports/NCR-Common.json...
[02:37:38] [main/INFO]: Writing config file NoChatReports/NCR-Common.json...
[02:37:38] [main/INFO]: Registering Items for oceansdelight
[02:37:38] [main/INFO]: Registering Blocks for oceansdelight
[02:37:38] [main/INFO]: Registering tabs for oceansdelight
[02:37:38] [main/INFO]: File exists, reading config for elocindev.offhandtickfix.config.entries.OffHandTickFixConfig.
[02:37:38] [main/INFO]: Config for elocindev.offhandtickfix.config.entries.OffHandTickFixConfig read successfully.
[02:37:38] [main/INFO]: File exists, reading config for elocindev.opacpvp.config.entries.OpacPvPConfig.
[02:37:38] [main/INFO]: Config for elocindev.opacpvp.config.entries.OpacPvPConfig read successfully.
[02:37:38] [main/INFO]: [STDOUT]: All 1 have been set properly
[02:37:38] [main/INFO]: fuck i need to update tags again
[02:37:38] [main/ERROR]: Failed to load book betternether:betternether_book defined by mod betternether, skipping
java.lang.IllegalArgumentException: Book betternether:betternether_book has use_resource_pack set to false. This behaviour was removed in 1.20. The book author should enable this flag and move all book contents clientside to /assets/, leaving the book.json in /data/. See https://vazkiimods.github.io/Patchouli/docs/upgrading/upgrade-guide-120 for details.
	at vazkii.patchouli.common.book.Book.<init>(Book.java:145) ~[Patchouli-1.20.1-84-FABRIC.jar:?]
	at vazkii.patchouli.common.book.BookRegistry.loadBook(BookRegistry.java:90) ~[Patchouli-1.20.1-84-FABRIC.jar:?]
	at vazkii.patchouli.common.book.BookRegistry.lambda$init$3(BookRegistry.java:75) ~[Patchouli-1.20.1-84-FABRIC.jar:?]
	at java.util.HashMap.forEach(HashMap.java:1421) ~[?:?]
	at vazkii.patchouli.common.book.BookRegistry.init(BookRegistry.java:70) ~[Patchouli-1.20.1-84-FABRIC.jar:?]
	at vazkii.patchouli.fabric.common.FabricModInitializer.onInitialize(FabricModInitializer.java:33) ~[Patchouli-1.20.1-84-FABRIC.jar:?]
	at net.fabricmc.loader.impl.FabricLoaderImpl.invokeEntrypoints(FabricLoaderImpl.java:399) ~[fabric-loader-0.16.14.jar:?]
	at net.fabricmc.loader.impl.game.minecraft.Hooks.startServer(Hooks.java:63) ~[fabric-loader-0.16.14.jar:?]
	at net.minecraft.server.Main.main(Main.java:112) ~[server-intermediary.jar:?]
	at net.fabricmc.loader.impl.game.minecraft.MinecraftGameProvider.launch(MinecraftGameProvider.java:480) ~[fabric-loader-0.16.14.jar:?]
	at net.fabricmc.loader.impl.launch.knot.Knot.launch(Knot.java:74) ~[fabric-loader-0.16.14.jar:?]
	at net.fabricmc.loader.impl.launch.knot.KnotServer.main(KnotServer.java:23) ~[fabric-loader-0.16.14.jar:?]
	at net.fabricmc.loader.impl.launch.server.FabricServerLauncher.main(FabricServerLauncher.java:69) ~[fabric-loader-0.16.14.jar:?]
	at net.fabricmc.installer.ServerLauncher.main(ServerLauncher.java:69) ~[fabric-server-launch.jar:1.0.1]
[02:37:38] [main/INFO]: [Ping-Wheel] Init
[02:37:38] [main/INFO]: [Ping-Wheel] Loaded ServerConfig(defaultChannelMode=auto, playerTrackingEnabled=true, msToRegenerate=1000, rateLimit=5)
[02:37:38] [main/INFO]: Registering C2S receiver with id powah:packet
[02:37:38] [main/INFO]: File exists, reading config for elocindev.prominent.config.ServerConfig.
[02:37:38] [main/INFO]: Config for elocindev.prominent.config.ServerConfig read successfully.
[02:37:38] [main/INFO]: File exists, reading config for elocindev.prominent.config.BossLevels.
[02:37:38] [main/INFO]: Config for elocindev.prominent.config.BossLevels read successfully.
[02:37:38] [main/INFO]: File exists, reading config for elocindev.prominent.config.ItemLevels.
[02:37:38] [main/INFO]: Config for elocindev.prominent.config.ItemLevels read successfully.
[02:37:38] [main/INFO]: Registered Prominent Sounds
[02:37:39] [main/INFO]: Registered Prominent Items
[02:37:39] [main/INFO]: Loaded Prominent Config
[02:37:39] [main/INFO]: Registered Prominent Sounds
[02:37:39] [main/INFO]: Registered Prominent Items
[02:37:39] [main/INFO]: File exists, reading config for elocindev.prominent_talents.config.Config.
[02:37:39] [main/INFO]: Config for elocindev.prominent_talents.config.Config read successfully.
[02:37:39] [main/INFO]: Registered Prominent Talents Sounds
[02:37:39] [main/INFO]: Constructing common components for puzzlesapi:iteminteractions
[02:37:39] [main/INFO]: Constructing common components for puzzlesapi:slotcycling
[02:37:39] [main/INFO]: Constructing common components for puzzlesapi:limitlesscontainers
[02:37:39] [main/INFO]: Constructing common components for puzzlesapi:statues
[02:37:39] [main/INFO]: Constructing common components for puzzleslib:main
[02:37:39] [main/INFO]: Steam 'n' Rails v1.6.9 initializing! Commit hash: 1219c3f788bf8add5c41073bcf9326c5815c2818 on Create version: 0.5.1j on platform: Fabric
[02:37:39] [main/INFO]: Registered bogey styles from railways
[02:37:39] [main/INFO]: Registering data fixers
[02:37:39] [main/INFO]: 0 Datafixer optimizations took 0 milliseconds
[02:37:39] [main/INFO]: Registering tracks for Hex Casting
[02:37:39] [main/INFO]: Registering tracks for Oh The Biomes You'll Go
[02:37:39] [main/INFO]: Registering tracks for Blue Skies
[02:37:39] [main/INFO]: Registering tracks for Twilight Forest
[02:37:39] [main/INFO]: Registering tracks for Biomes O' Plenty
[02:37:39] [main/INFO]: Registering tracks for Nature's Spirit
[02:37:39] [main/INFO]: Registering tracks for Dreams and Desires
[02:37:39] [main/INFO]: Registering tracks for Quark
[02:37:39] [main/INFO]: Registering tracks for TerraFirmaCraft
[02:37:39] [main/INFO]: File exists, reading config for elocindev.rebalance.config.ReBalanceConfig.
[02:37:39] [main/INFO]: Config for elocindev.rebalance.config.ReBalanceConfig read successfully.
[02:37:39] [main/INFO]: [STDOUT]: Starting recipe splitter
[02:37:39] [main/INFO]: [Regions Unexplored] generating and loading config
[02:37:39] [main/INFO]: File exists, reading config for elocindev.resistance_balancer.config.ResistanceBalancerConfig.
[02:37:39] [main/INFO]: Config for elocindev.resistance_balancer.config.ResistanceBalancerConfig read successfully.
[02:37:40] [main/INFO]: Hello Fabric world!
[02:37:40] [main/INFO]: [Fabric Seasons] Trying to read config file...
[02:37:40] [main/INFO]: [Fabric Seasons] A config file was found, loading it..
[02:37:40] [main/INFO]: [Fabric Seasons] Successfully loaded config file.
[02:37:40] [main/INFO]: [Fabric Seasons] Successfully loaded seasonscroptopiacompat 1.0 for croptopia 2.2.2
[02:37:40] [main/INFO]: [Fabric Seasons] Successfully loaded seasonsdelightcompat 1.0 for farmersdelight 1.3.9
[02:37:40] [main/INFO]: Shield API initialized!
[02:37:40] [main/INFO]: File exists, reading config for elocin.shield_overhaul.config.server.ShieldConfig.
[02:37:40] [main/INFO]: Config for elocin.shield_overhaul.config.server.ShieldConfig read successfully.
[02:37:40] [main/INFO]: Shield Overhaul's Config Loaded!
[02:37:40] [main/INFO]: Registering Items for simplyskills
[02:37:40] [main/INFO]: Registering Entities for simplyskills
[02:37:40] [main/INFO]: Registering Eldritch End compat Items for simplyswords
[02:37:40] [main/INFO]: [STDOUT]: Copied from /data/simplyswords/safeload_recipes/eldritch_end/dreadtide.json to /data/simplyswords/recipes/eldritch_end/dreadtide.json
[02:37:40] [main/INFO]: [STDOUT]: /workspaces/elpepe/servidor_minecraft/config
[02:37:40] [main/INFO]: Hello Fabric world!
[02:37:40] [main/INFO]: Loading Configs for Sortilege
[02:37:40] [main/INFO]: Couldn't find config value for path : "[enchantments, enchant_catalyst, show_in_tooltip]", defaulting to true
[02:37:40] [main/INFO]: Couldn't find config value for path : "[enchantments, enabled_enchants]", defaulting to {}
[02:37:40] [main/INFO]: Couldn't find config value for path : "[death, xp_keeping, stolen_xp_data]", defaulting to 41
[02:37:40] [main/INFO]: Couldn't find config value for path : "[death, glowing_killer]", defaulting to true
[02:37:40] [main/INFO]: Config initialized!
[02:37:40] [main/INFO]: Successfully initialized Geckolib!
[02:37:40] [main/INFO]: Successfully registered SoulsWeapons content!
[02:37:40] [main/INFO]: Successfully registered built-in 2D model resourcepack!
[02:37:40] [main/INFO]: Successfully registered built-in Legacy 2D Models resourcepack!
[02:37:40] [main/INFO]: Successfully registered built-in Legacy 3D Models resourcepack!
[02:37:40] [main/INFO]: Successfully registered built-in Fresh Animations Compat. resourcepack!
[02:37:40] [main/INFO]: Successfully registered built-in Szombie's Enhanced 3D GOW Weapons resourcepack!
[02:37:40] [main/INFO]: Initializing done, time taken: 283ms
[02:37:40] [main/INFO]: Spell Engine x Open Parties and Claims
[02:37:40] [main/INFO]: Hello Fabric world!
[02:37:41] [main/INFO]: Creating asynchronous mapping cache executor...
[02:37:41] [Mappings Cache Thread #1/INFO]: Verifying cache of yarn mappings...
[02:37:41] [Mappings Cache Thread #1/INFO]: Latest build for yarn is already cached (3 hour(s) ago, refresh in 45 hour(s))
[02:37:41] [Mappings Cache Thread #1/INFO]: Mappings for yarn build 1.20.1+build.10 are already downloaded
[02:37:41] [Mappings Cache Thread #1/INFO]: Verified cache of yarn mappings (took 2ms)
[02:37:41] [Mappings Cache Thread #1/INFO]: Parsing yarn mappings...
[02:37:41] [main/INFO]: Constructing common components for stoneworks:main
[02:37:41] [main/INFO]: Loading common config for stoneworks
[02:37:41] [Thread-5/INFO]: Reloading common config for stoneworks
[02:37:41] [main/INFO]: structureessentials mod initialized
[02:37:41] [Mappings Cache Thread #1/INFO]: Parsed yarn mappings (took 242ms)
[02:37:41] [Mappings Cache Thread #1/INFO]: Caching yarn mappings...
[02:37:41] [main/INFO]: Loaded config supplementaries-common.json
[02:37:41] [Mappings Cache Thread #1/INFO]: Cached yarn mappings (took 87ms)
[02:37:41] [Mappings Cache Thread #1/INFO]: Cached mappings have been built (took 335ms)
[02:37:41] [Mappings Cache Thread #1/INFO]:   Classes: 6741
[02:37:41] [Mappings Cache Thread #1/INFO]:   Methods: 24982
[02:37:41] [Mappings Cache Thread #1/INFO]:   Fields: 28829
[02:37:41] [ForkJoinPool.commonPool-worker-1/INFO]: Shutting down asynchronous mapping cache executor...
[02:37:41] [ForkJoinPool.commonPool-worker-1/INFO]: Injecting into root logger...
[02:37:42] [main/INFO]: TechReborn setup done!
[02:37:42] [main/INFO]: Registered region minecraft:overworld to index 0 for type OVERWORLD
[02:37:42] [main/INFO]: Registered region minecraft:nether to index 0 for type NETHER
[02:37:42] [main/INFO]: Registered region regions_unexplored:primary to index 1 for type OVERWORLD
[02:37:42] [main/INFO]: Registered region regions_unexplored:secondary to index 2 for type OVERWORLD
[02:37:42] [main/INFO]: Registered region regions_unexplored:nether to index 1 for type NETHER
[02:37:42] [main/INFO]: Registered region riverredux:overworld to index 3 for type OVERWORLD
[02:37:42] [main/WARN]: Registering builtin Fabric Seasons integration with Thermoo. Note that this integration will be removed as a builtin feature in the future.
[02:37:42] [main/INFO]: Creating environment manager EnvironmentManager{controller=com.github.thedeathlycow.thermoo.api.temperature.EmptyEnvironmentController}
[02:37:42] [main/INFO]: Thermoo initialized
[02:37:42] [main/INFO]: File exists, reading config for elocindev.tierify.config.CommonConfig.
[02:37:42] [main/INFO]: Config for elocindev.tierify.config.CommonConfig read successfully.
[02:37:42] [main/INFO]: Constructing common components for tinyskeletons:main
[02:37:42] [main/INFO]: Constructing common components for tradingpost:main
[02:37:42] [main/INFO]: Registered the FluidEffect with Unique ID of minecraft:water for Water (Fluid Amount Required: 81000) with the ID 0
[02:37:42] [main/INFO]: Registered the FluidEffect with Unique ID of minecraft:lava for Lava (Fluid Amount Required: 81000) with the ID 1
[02:37:42] [main/INFO]: Registered the FluidEffect with Unique ID of travelersbackpack:potion for block.travelersbackpack.potion_still (Fluid Amount Required: 27000) with the ID 2
[02:37:42] [main/INFO]: Registered the FluidEffect with Unique ID of minecraft:milk for Air (Fluid Amount Required: 81000) with the ID 3
[02:37:42] [main/INFO]: [STDOUT]: TxniLib onInitialize!
[02:37:42] [main/INFO]: [Collective] JSON file 'entity_names.json' generation requested by mod 'villagernames'.
[02:37:43] [main/INFO]: Registered JSON trade offer adapter.
[02:37:43] [main/INFO]: Constructing common components for visualworkbench:main
[02:37:43] [main/INFO]: [STDOUT]: Config updated!
[02:37:43] [main/INFO]: [STDOUT]: Config loaded!
[02:37:43] [main/INFO]: Has opac!! true
[02:37:43] [main/INFO]: Has ftbchunks!! false
[02:37:43] [main/INFO]: Has flan!! false
[02:37:43] [main/INFO]: Has goml!! false
[02:37:43] [main/INFO]: Registering C2S receiver with id wands:key_packet
[02:37:43] [main/INFO]: Registering C2S receiver with id wands:palette_packet
[02:37:43] [main/INFO]: Registering C2S receiver with id wands:wand_packet
[02:37:43] [main/INFO]: Registering C2S receiver with id wands:pos_packet
[02:37:43] [main/INFO]: Registering C2S receiver with id wands:global_settings_packet
[02:37:43] [main/INFO]: File exists, reading config for elocindev.ysns.config.DisabledEntities.
[02:37:43] [main/INFO]: Config for elocindev.ysns.config.DisabledEntities read successfully.
[02:37:43] [main/INFO]: File exists, reading config for elocindev.ysns.config.PerDimensionEntities.
[02:37:43] [main/INFO]: Config for elocindev.ysns.config.PerDimensionEntities read successfully.
[02:37:43] [main/INFO]: You Shall Not Spawn's Config initialized
[02:37:43] [main/INFO]: Reflections took 3 ms to scan 1 urls, producing 1 keys and 4 values
[02:37:43] [main/INFO]: Reflections took 3 ms to scan 1 urls, producing 1 keys and 4 values
[02:37:43] [main/INFO]: Reflections took 1 ms to scan 1 urls, producing 1 keys and 2 values
[02:37:43] [main/INFO]: Reflections took 0 ms to scan 1 urls, producing 1 keys and 2 values
[02:37:43] [main/INFO]: Registering content
[02:37:44] [main/INFO]: Registered extendedae config for auto-sync function
[02:37:44] [main/INFO]: Initialised items.
[02:37:44] [main/INFO]: Initialised blocks.
[02:37:44] [main/INFO]: Initialised block entities.
[02:37:44] [main/INFO]: Initialised Applied Botanics integration.
[02:37:44] [main/INFO]: Initialised AE2WT integration.
[02:37:44] [main/INFO]: Chose [Entity Tags] as the active game stages implementation
[02:37:44] [main/INFO]: Chose [FALLBACK] as the active permissions implementation
[02:37:44] [main/INFO]: [FTB Quests] recipe helper provider is [NO-OP]
[02:37:44] [main/INFO]: [FTB Quests] Enabled Item Filters integration
[02:37:44] [main/INFO]: Its Morbin' time
[02:37:44] [main/INFO]: Initialized Frostiful server!
[02:37:44] [main/INFO]: [STDOUT]: [Modpack Update Checker] Registered commands
[02:37:44] [main/INFO]: Initialized block sets in 102ms
[02:37:45] [main/INFO]: Loaded config fastpaintings-common.json
[02:37:45] [main/INFO]: Initialized color sets in 170ms
[02:37:45] [main/INFO]: Finished mod setup in: [1, 0, 0, 0, 0, 0, 24, 1] ms
[02:37:45] [main/INFO]: Loading Open Parties and Claims!
[02:37:45] [main/INFO]: File exists, reading config for elocindev.prominent.config.ServerConfig.
[02:37:45] [main/INFO]: Config for elocindev.prominent.config.ServerConfig read successfully.
[02:37:45] [main/INFO]: Loading Xaero's Minimap - Stage 1/2 (Server)
[02:37:45] [main/INFO]: Loading Xaero's World Map - Stage 1/2 (Server)
[02:37:45] [main/INFO]: Environment: authHost='https://authserver.mojang.com', accountsHost='https://api.mojang.com', sessionHost='https://sessionserver.mojang.com', servicesHost='https://api.minecraftservices.com', name='PROD'
[02:37:45] [main/INFO]: [DataFixerAPI] World Patches are disabled
[02:37:45] [main/INFO]: Starting runtime resource generation for pack type SERVER_DATA with generators from mods [supplementaries]: [net.mehvahdjukaar.supplementaries.dynamicpack.ServerDynamicResourcesGenerator@46787f4a]
[02:37:45] [main/INFO]: Generating runtime assets for pack Supplementaries Generated Pack (supplementaries)
[02:37:46] [main/INFO]: Generated runtime SERVER_DATA for pack Supplementaries Generated Pack (supplementaries) in: 46 ms (multithreaded)
[02:37:46] [main/INFO]: Finished runtime resources generation for 1 packs in a total of 47 ms
[02:37:46] [main/INFO]: [bclib] Did not manage biome betterend:empty_aurora_cave
[02:37:46] [main/INFO]: [bclib] Did not manage biome betterend:empty_end_cave
[02:37:46] [main/INFO]: [bclib] Did not manage biome betterend:empty_smaragdant_cave
[02:37:46] [main/INFO]: [bclib] Did not manage biome betterend:jade_cave
[02:37:46] [main/INFO]: [bclib] Did not manage biome betterend:lush_aurora_cave
[02:37:46] [main/INFO]: [bclib] Did not manage biome betterend:lush_smaragdant_cave
[02:37:46] [main/INFO]: [bclib] Did not manage biome betterend:megalake_grove
[02:37:46] [main/INFO]: [bclib] Did not manage biome betterend:neon_oasis
[02:37:46] [main/INFO]: [bclib] Did not manage biome betterend:painted_mountains
[02:37:47] [main/INFO]: [bclib] Updating Pickers for BCLib - The End  BiomeSource (1f268ce2)
[02:37:47] [main/INFO]: [bclib] Unable to build Biome List yet
[02:37:47] [main/INFO]: [bclib] No Void Biomes found. Disabling by using barrens
[02:37:47] [main/INFO]: [bclib] No Barrens Biomes found. Disabling by using land Biomes
[02:37:47] [main/WARN]: [bclib] No Center Island Biomes found. Forcing use of vanilla center.
[02:37:47] [main/INFO]: [bclib] Make sure features are loaded from terrablender:org.betterx.bclib.api.v2.generator.BCLibEndBiomeSource
[02:37:47] [main/INFO]: [bclib] Updating Pickers for BCLib - Nether BiomeSource (4962a3c8)
[02:37:47] [main/INFO]: [bclib] Unable to build Biome List yet
[02:37:47] [main/INFO]: [bclib] Make sure features are loaded from terrablender:org.betterx.bclib.api.v2.generator.BCLibNetherBiomeSource
[02:37:47] [main/INFO]: [bclib] Updating Pickers for BCLib - The End  BiomeSource (10a773bb)
[02:37:47] [main/INFO]: [bclib] Unable to build Biome List yet
[02:37:47] [main/INFO]: [bclib] No Void Biomes found. Disabling by using barrens
[02:37:47] [main/INFO]: [bclib] No Barrens Biomes found. Disabling by using land Biomes
[02:37:47] [main/WARN]: [bclib] No Center Island Biomes found. Forcing use of vanilla center.
[02:37:47] [main/INFO]: [bclib] Make sure features are loaded from terrablender:org.betterx.bclib.api.v2.generator.BCLibEndBiomeSource
[02:37:47] [main/INFO]: [bclib] Updating Pickers for BCLib - Nether BiomeSource (36d468e)
[02:37:47] [main/INFO]: [bclib] Unable to build Biome List yet
[02:37:47] [main/INFO]: [bclib] Make sure features are loaded from terrablender:org.betterx.bclib.api.v2.generator.BCLibNetherBiomeSource
[02:37:47] [main/INFO]: [bclib] Updating Pickers for BCLib - The End  BiomeSource (33344776)
[02:37:47] [main/INFO]: [bclib] Unable to build Biome List yet
[02:37:47] [main/INFO]: [bclib] No Void Biomes found. Disabling by using barrens
[02:37:47] [main/INFO]: [bclib] No Barrens Biomes found. Disabling by using land Biomes
[02:37:47] [main/WARN]: [bclib] No Center Island Biomes found. Forcing use of vanilla center.
[02:37:47] [main/INFO]: [bclib] Make sure features are loaded from terrablender:org.betterx.bclib.api.v2.generator.BCLibEndBiomeSource
[02:37:47] [main/INFO]: [bclib] Updating Pickers for BCLib - Nether BiomeSource (3095424e)
[02:37:47] [main/INFO]: [bclib] Unable to build Biome List yet
[02:37:47] [main/INFO]: [bclib] Make sure features are loaded from terrablender:org.betterx.bclib.api.v2.generator.BCLibNetherBiomeSource
[02:37:47] [main/INFO]: [bclib] Updating Pickers for BCLib - The End  BiomeSource (1e39b81d)
[02:37:47] [main/INFO]: [bclib] Unable to build Biome List yet
[02:37:47] [main/INFO]: [bclib] No Void Biomes found. Disabling by using barrens
[02:37:47] [main/INFO]: [bclib] No Barrens Biomes found. Disabling by using land Biomes
[02:37:47] [main/WARN]: [bclib] No Center Island Biomes found. Forcing use of vanilla center.
[02:37:47] [main/INFO]: [bclib] Make sure features are loaded from terrablender:org.betterx.bclib.api.v2.generator.BCLibEndBiomeSource
[02:37:47] [main/INFO]: [bclib] Updating Pickers for BCLib - Nether BiomeSource (6f711d81)
[02:37:47] [main/INFO]: [bclib] Unable to build Biome List yet
[02:37:47] [main/INFO]: [bclib] Make sure features are loaded from terrablender:org.betterx.bclib.api.v2.generator.BCLibNetherBiomeSource
[02:37:48] [main/INFO]: [betternether] Freeze Registry[ResourceKey[minecraft:root / worlds_together:worldgen/betterx/surface_rules] (Stable)]
[02:37:48] [main/INFO]: [betternether] Freeze Registry[ResourceKey[minecraft:root / worlds_together:worldgen/betterx/surface_rules] (Stable)]
[02:37:48] [main/INFO]: [betternether] Freeze Registry[ResourceKey[minecraft:root / worlds_together:worldgen/betterx/surface_rules] (Stable)]
[02:37:48] [main/INFO]: [betternether] Freeze Registry[ResourceKey[minecraft:root / worlds_together:worldgen/betterx/surface_rules] (Stable)]
[02:37:48] [main/WARN]: [bclib] No valid BCLBiome Registry available!
[02:37:48] [main/WARN]: [bclib] No valid Biome Registry available!
[02:37:49] [main/WARN]: Adding spell_power:fire to saved/remote registry.
[02:37:49] [main/WARN]: Adding spell_power:arcane to saved/remote registry.
[02:37:49] [main/WARN]: Adding adventurez:blackstoned_heart to saved/remote registry.
[02:37:49] [main/WARN]: Adding spell_power:frost to saved/remote registry.
[02:37:49] [main/WARN]: Adding aquamirae:crystallization to saved/remote registry.
[02:37:49] [main/INFO]: [fabric-registry-sync] Loaded registry data [file 1/4]
[02:37:49] [main/INFO]: [bclib] Updating Pickers for BCLib - The End  BiomeSource (66b5abbb)
[02:37:49] [main/INFO]: [bclib] Unable to build Biome List yet
[02:37:49] [main/INFO]: [bclib] No Void Biomes found. Disabling by using barrens
[02:37:49] [main/INFO]: [bclib] No Barrens Biomes found. Disabling by using land Biomes
[02:37:49] [main/WARN]: [bclib] No Center Island Biomes found. Forcing use of vanilla center.
[02:37:49] [main/INFO]: [bclib] Make sure features are loaded from terrablender:org.betterx.bclib.api.v2.generator.BCLibEndBiomeSource
[02:37:49] [main/INFO]: [bclib] Updating Pickers for BCLib - Nether BiomeSource (4302af8f)
[02:37:49] [main/INFO]: [bclib] Unable to build Biome List yet
[02:37:49] [main/INFO]: [bclib] Make sure features are loaded from terrablender:org.betterx.bclib.api.v2.generator.BCLibNetherBiomeSource
[02:37:49] [main/INFO]: [betternether] Freeze Registry[ResourceKey[minecraft:root / worlds_together:worldgen/betterx/surface_rules] (Stable)]
[02:37:49] [main/INFO]: [betternether] Freeze Registry[ResourceKey[minecraft:root / worlds_together:worldgen/betterx/surface_rules] (Stable)]
[02:37:50] [main/INFO]: Registered /wine command
[02:37:50] [Worker-Main-2/ERROR]: [Load My Fucking Tags] Couldn't load certain entries with the tag explorations:has_feature/scarecrow/acacia: minecraft: (from Scarecrow_Obliterator.zip)
[02:37:50] [Worker-Main-2/ERROR]: [Load My Fucking Tags] Couldn't load certain entries with the tag explorations:has_feature/scarecrow/birch: minecraft: (from Scarecrow_Obliterator.zip)
[02:37:50] [Worker-Main-2/ERROR]: [Load My Fucking Tags] Couldn't load certain entries with the tag explorations:has_feature/scarecrow/spruce: minecraft: (from Scarecrow_Obliterator.zip)
[02:37:50] [Worker-Main-2/ERROR]: [Load My Fucking Tags] Couldn't load certain entries with the tag explorations:has_feature/scarecrow/jungle: minecraft: (from Scarecrow_Obliterator.zip)
[02:37:50] [Worker-Main-2/ERROR]: [Load My Fucking Tags] Couldn't load certain entries with the tag explorations:has_feature/scarecrow/dark_oak: minecraft: (from Scarecrow_Obliterator.zip)
[02:37:50] [Worker-Main-2/ERROR]: [Load My Fucking Tags] Couldn't load certain entries with the tag explorations:has_feature/scarecrow/oak: minecraft: (from Scarecrow_Obliterator.zip)
[02:37:50] [Worker-Main-2/ERROR]: [Load My Fucking Tags] Couldn't load certain entries with the tag explorations:has_feature/scarecrow/mangrove: minecraft: (from Scarecrow_Obliterator.zip)
[02:37:50] [Worker-Main-1/WARN]: Tag entries for trinkets:tags/items/calendar/calendarslot.json cleared by Disable SeasonHUD Slot 1.1.1.zip
[02:37:50] [Worker-Main-1/WARN]: Tag entries for curios:tags/items/calendarslot.json cleared by Disable SeasonHUD Slot 1.1.1.zip
[02:37:51] [Worker-Main-2/WARN]: The following tags are invalid and will be ignored: [c:cinnabar_ingots, c:ruby_ingots, c:raw_uranium_storage_blocks, c:gold_gems, c:signalum_wires, c:uranium_plates, c:bitumen_storage_blocks, c:constantan_wires, c:peridot_nuggets, c:enderium_plates, c:diamond_raw_materials, c:iridium_storage_blocks, c:potassium_nitrate_wires, c:raw_gold_storage_blocks, c:signalum_storage_blocks, c:raw_potassium_nitrate_storage_blocks, c:apatite_rods, c:constantan_gems, c:sapphire_ingots, c:raw_iridium_storage_blocks, c:steel_wires, c:chrome_gears, c:potassium_nitrate_rods, c:zinc_gems, c:silver_raw_materials, c:raw_iron_storage_blocks, c:raw_peridot_storage_blocks, c:sulfur_gears, c:coal_coke_rods, c:raw_elementium_ores, c:raw_osmium_blocks, c:raw_nickel_storage_blocks, c:potassium_nitrate_storage_blocks, c:elementium_nuggets, c:constantan_storage_blocks, c:elementium_blocks, c:fluorite_gears, c:nickel_wires, c:enderium_ingots, c:raw_invar_blocks, c:lapis_rods, c:mithril_gears, c:sapphire_gears, c:charcoal_ingots, c:fluorite_blocks, c:lead_storage_blocks, c:raw_sulfur_blocks, c:charcoal_gems, c:nickel_gems, c:osmium_gems, c:cinnabar_wires, c:raw_bitumen_blocks, c:enderium_ores, c:raw_aeternium_blocks, c:lumium_ingots, c:lumium_plates, c:peridot_storage_blocks, c:cobalt_gears, c:electrum_ores, c:raw_mithril_storage_blocks, c:charcoal_plates, c:cobalt_rods, c:potassium_nitrate_blocks, c:chrome_blocks, c:raw_osmium_storage_blocks, c:amber_blocks, c:mithril_raw_materials, c:iridium_wires, c:enderium_dusts, c:silver_wires, c:raw_emerald_blocks, c:signalum_dusts, c:fluorite_gems, c:raw_aluminum_storage_blocks, c:amber_ores, c:coal_ingots, c:graphite_nuggets, c:apatite_dusts, c:raw_invar_storage_blocks, c:raw_graphite_ores, c:raw_coal_storage_blocks, c:sulfur_raw_materials, c:constantan_dusts, c:coal_coke_ingots, c:peridot_wires, c:steel_gems, c:coal_gears, c:raw_aeternium_storage_blocks, c:raw_lumium_blocks, c:zinc_storage_blocks, c:peridot_rods, c:copper_wires, c:aluminum_ores, c:raw_charcoal_ores, c:iron_gems, c:nickel_rods, c:charcoal_nuggets, c:raw_bronze_blocks, c:cinnabar_storage_blocks, c:raw_peridot_blocks, c:aeternium_wires, c:raw_brass_storage_blocks, c:mithril_storage_blocks, c:uranium_storage_blocks, c:raw_lapis_storage_blocks, c:iridium_gears, c:uranium_raw_materials, c:amber_raw_materials, c:lumium_wires, c:lumium_ores, c:raw_obsidian_blocks, c:raw_enderium_storage_blocks, c:brass_storage_blocks, c:elementium_rods, c:graphite_raw_materials, c:constantan_rods, c:enderium_nuggets, c:elementium_raw_materials, c:platinum_raw_materials, c:potassium_nitrate_gems, c:aeternium_ores, c:nickel_raw_materials, c:ruby_wires, c:enderium_wires, c:elementium_ores, c:bronze_wires, c:chrome_plates, c:osmium_rods, c:emerald_gems, c:raw_signalum_ores, c:cobalt_raw_materials, c:coal_storage_blocks, c:sulfur_nuggets, c:emerald_wires, c:netherite_gears, c:invar_gems, c:mithril_ores, c:potassium_nitrate_dusts, c:netherite_plates, c:elementium_wires, c:raw_apatite_storage_blocks, c:cobalt_dusts, c:sapphire_nuggets, c:elementium_plates, c:raw_invar_ores, c:raw_diamond_blocks, c:charcoal_wires, c:potassium_nitrate_plates, c:coal_rods, c:constantan_blocks, c:sulfur_plates, c:raw_apatite_ores, c:aeternium_dusts, c:constantan_ores, c:aeternium_raw_materials, c:sulfur_storage_blocks, c:raw_osmium_ores, c:osmium_raw_materials, c:platinum_gears, c:iridium_gems, c:aluminum_raw_materials, c:ruby_gears, c:electrum_gears, c:raw_graphite_blocks, c:raw_cinnabar_storage_blocks, c:osmium_ores, c:signalum_rods, c:osmium_nuggets, c:fluorite_storage_blocks, c:tin_wires, c:aluminum_storage_blocks, c:invar_wires, c:raw_sulfur_ores, c:lapis_storage_blocks, c:lumium_rods, c:raw_bronze_ores, c:constantan_gears, c:tungsten_gears, c:diamond_ingots, c:lumium_raw_materials, c:apatite_storage_blocks, c:lumium_dusts, c:coal_coke_raw_materials, c:steel_storage_blocks, c:raw_tin_storage_blocks, c:cinnabar_raw_materials, c:signalum_plates, c:sulfur_rods, c:chrome_wires, c:raw_chrome_storage_blocks, c:enderium_gears, c:fluorite_ores, c:charcoal_raw_materials, c:graphite_dusts, c:electrum_gems, c:emerald_raw_materials, c:nickel_storage_blocks, c:sapphire_gems, c:sulfur_ingots, c:raw_mithril_ores, c:raw_brass_blocks, c:mithril_dusts, c:invar_raw_materials, c:raw_diamond_ores, c:bitumen_dusts, c:graphite_rods, c:raw_coal_blocks, c:bitumen_nuggets, c:coal_raw_materials, c:raw_steel_blocks, c:obsidian_ingots, c:sapphire_storage_blocks, c:raw_cobalt_ores, c:signalum_ingots, c:charcoal_ores, c:amber_storage_blocks, c:amber_nuggets, c:copper_storage_blocks, c:raw_signalum_storage_blocks, c:iridium_rods, c:iron_storage_blocks, c:bitumen_blocks, c:lumium_gears, c:lead_rods, c:obsidian_rods, c:raw_ruby_blocks, c:signalum_gems, c:electrum_storage_blocks, c:iridium_raw_materials, c:lead_wires, c:zinc_rods, c:raw_coal_coke_storage_blocks, c:brass_gears, c:apatite_blocks, c:obsidian_wires, c:graphite_storage_blocks, c:raw_brass_ores, c:graphite_gears, c:lapis_gems, c:lumium_nuggets, c:raw_lead_storage_blocks, c:raw_bronze_storage_blocks, c:lumium_gems, c:bitumen_ores, c:raw_amber_blocks, c:mithril_nuggets, c:osmium_gears, c:charcoal_blocks, c:amber_ingots, c:aeternium_gears, c:raw_lapis_ores, c:osmium_blocks, c:cobalt_gems, c:peridot_raw_materials, c:raw_potassium_nitrate_ores, c:sulfur_gems, c:mithril_plates, c:cobalt_nuggets, c:potassium_nitrate_ores, c:netherite_dusts, c:potassium_nitrate_gears, c:aluminum_wires, c:graphite_gems, c:silver_storage_blocks, c:bronze_gems, c:ruby_gems, c:graphite_blocks, c:tungsten_wires, c:potassium_nitrate_ingots, c:raw_lumium_ores, c:raw_constantan_blocks, c:sapphire_wires, c:obsidian_storage_blocks, c:coal_gems, c:amber_plates, c:mithril_ingots, c:tungsten_storage_blocks, c:platinum_wires, c:raw_enderium_blocks, c:coal_coke_blocks, c:coal_nuggets, c:raw_emerald_storage_blocks, c:raw_cinnabar_ores, c:enderium_rods, c:coal_coke_wires, c:bitumen_rods, c:netherite_wires, c:signalum_blocks, c:aeternium_storage_blocks, c:lapis_raw_materials, c:raw_obsidian_storage_blocks, c:charcoal_gears, c:platinum_rods, c:uranium_gems, c:raw_sapphire_ores, c:aeternium_rods, c:cinnabar_rods, c:obsidian_gems, c:aeternium_plates, c:bitumen_plates, c:lead_gems, c:zinc_wires, c:osmium_dusts, c:raw_elementium_storage_blocks, c:raw_charcoal_blocks, c:cobalt_storage_blocks, c:lumium_storage_blocks, c:lead_gears, c:ruby_raw_materials, c:raw_potassium_nitrate_blocks, c:constantan_raw_materials, c:raw_cinnabar_blocks, c:emerald_storage_blocks, c:emerald_ingots, c:brass_gems, c:raw_fluorite_storage_blocks, c:netherite_gems, c:aeternium_ingots, c:elementium_gears, c:gold_storage_blocks, c:bitumen_gears, c:bitumen_ingots, c:mithril_blocks, c:coal_coke_dusts, c:charcoal_storage_blocks, c:platinum_storage_blocks, c:ruby_rods, c:invar_storage_blocks, c:apatite_nuggets, c:apatite_raw_materials, c:bronze_raw_materials, c:raw_coal_coke_ores, c:silver_gems, c:aeternium_nuggets, c:bitumen_gems, c:raw_platinum_storage_blocks, c:cinnabar_blocks, c:elementium_dusts, c:diamond_wires, c:enderium_gems, c:raw_aluminum_blocks, c:cinnabar_gears, c:signalum_raw_materials, c:cobalt_ores, c:diamond_rods, c:diamond_gears, c:raw_netherite_ores, c:graphite_ores, c:brass_raw_materials, c:raw_cobalt_storage_blocks, c:osmium_wires, c:raw_aluminum_ores, c:raw_lumium_storage_blocks, c:signalum_nuggets, c:chrome_raw_materials, c:amber_wires, c:fluorite_ingots, c:apatite_plates, c:mithril_rods, c:elementium_ingots, c:raw_charcoal_storage_blocks, c:obsidian_nuggets, c:copper_gems, c:tin_raw_materials, c:fluorite_wires, c:enderium_blocks, c:nickel_gears, c:potassium_nitrate_nuggets, c:apatite_ingots, c:brass_wires, c:lead_raw_materials, c:netherite_storage_blocks, c:raw_chrome_blocks, c:graphite_wires, c:apatite_ores, c:fluorite_raw_materials, c:chrome_ores, c:chrome_ingots, c:raw_constantan_storage_blocks, c:lumium_blocks, c:obsidian_gears, c:raw_mithril_blocks, c:raw_obsidian_ores, c:coal_coke_ores, c:sapphire_rods, c:lapis_wires, c:raw_signalum_blocks, c:netherite_rods, c:potassium_nitrate_raw_materials, c:bronze_ores, c:raw_netherite_blocks, c:obsidian_blocks, c:silver_rods, c:electrum_raw_materials, c:raw_lapis_blocks, c:raw_graphite_storage_blocks, c:sapphire_raw_materials, c:graphite_plates, c:raw_chrome_ores, c:zinc_raw_materials, c:brass_ores, c:uranium_wires, c:osmium_plates, c:apatite_wires, c:fluorite_plates, c:raw_copper_storage_blocks, c:diamond_gems, c:fluorite_rods, c:obsidian_ores, c:constantan_nuggets, c:mithril_gems, c:sulfur_ores, c:bronze_storage_blocks, c:raw_ruby_ores, c:raw_apatite_blocks, c:raw_fluorite_blocks, c:lapis_gears, c:raw_sapphire_storage_blocks, c:raw_cobalt_blocks, c:raw_electrum_storage_blocks, c:netherite_ores, c:raw_steel_ores, c:amber_dusts, c:tin_gems, c:raw_amber_ores, c:raw_elementium_blocks, c:enderium_storage_blocks, c:amber_rods, c:steel_ores, c:chrome_rods, c:chrome_storage_blocks, c:obsidian_raw_materials, c:ruby_nuggets, c:iron_wires, c:raw_bitumen_ores, c:raw_zinc_storage_blocks, c:netherite_raw_materials, c:raw_peridot_ores, c:raw_tungsten_storage_blocks, c:coal_coke_storage_blocks, c:bitumen_raw_materials, c:signalum_ores, c:chrome_nuggets, c:fluorite_dusts, c:coal_wires, c:cobalt_ingots, c:coal_coke_gears, c:steel_raw_materials, c:coal_coke_plates, c:graphite_ingots, c:osmium_storage_blocks, c:osmium_ingots, c:raw_steel_storage_blocks, c:elementium_storage_blocks, c:emerald_rods, c:raw_aeternium_ores, c:cinnabar_nuggets, c:cobalt_wires, c:lapis_nuggets, c:raw_electrum_ores, c:constantan_ingots, c:raw_sulfur_storage_blocks, c:coal_coke_nuggets, c:aeternium_blocks, c:cobalt_plates, c:lapis_ingots, c:peridot_ingots, c:invar_ores, c:emerald_gears, c:platinum_gems, c:aeternium_gems, c:raw_emerald_ores, c:peridot_gears, c:raw_coal_ores, c:raw_constantan_ores, c:coal_coke_gems, c:elementium_gems, c:silver_gears, c:raw_ruby_storage_blocks, c:fluorite_nuggets, c:chrome_dusts, c:diamond_storage_blocks, c:raw_coal_coke_blocks, c:amber_gems, c:tin_storage_blocks, c:sulfur_wires, c:cinnabar_plates, c:gold_wires, c:mithril_wires, c:raw_amber_storage_blocks, c:raw_enderium_ores, c:chrome_gems, c:ruby_storage_blocks, c:charcoal_rods, c:raw_diamond_storage_blocks, c:bitumen_wires, c:amber_gears, c:raw_sapphire_blocks, c:cinnabar_gems, c:tungsten_raw_materials, c:aluminum_gems, c:enderium_raw_materials, c:signalum_gears, c:apatite_gears, c:apatite_gems, c:raw_electrum_blocks, c:uranium_gears, c:raw_bitumen_storage_blocks, c:constantan_plates, c:raw_silver_storage_blocks, c:tungsten_gems, c:zinc_gears, c:raw_fluorite_ores, c:raw_netherite_storage_blocks]
[02:37:59] [main/INFO]: parsing loot tables
[02:37:59] [main/INFO]: finished parsing loot tables
[02:37:59] [main/INFO]: [bclib] Disabling Recipe: bclib:test_star
[02:37:59] [main/WARN]: Recipe count: 22476
[02:37:59] [main/WARN]: Item 'minecraft:raw_gold' has multiple preferred tags '[c:gold_raw_materials, c:raw_gold_ores]' for recipe replacement. This needs to be manually fixed by the user.
[02:37:59] [main/WARN]: Item 'minecraft:raw_iron' has multiple preferred tags '[c:iron_raw_materials, c:raw_iron_ores]' for recipe replacement. This needs to be manually fixed by the user.
[02:37:59] [main/WARN]: Item 'minecraft:raw_copper' has multiple preferred tags '[c:copper_raw_materials, c:raw_copper_ores]' for recipe replacement. This needs to be manually fixed by the user.
[02:38:01] [main/WARN]: Recipe count afterwards: 22375 (done in 1.205 s)
[02:38:01] [main/ERROR]: Parsing error loading recipe sortilege:diamond_staff Unknown item 'sortilege:diamond_staff'
[02:38:01] [main/ERROR]: Parsing error loading recipe invoke:null_rune Unknown item 'invoke:null_rune'
[02:38:01] [main/ERROR]: Parsing error loading recipe sortilege:stone_staff Unknown item 'sortilege:stone_staff'
[02:38:01] [main/WARN]: Your custom createaddition:charging/weathered_copper_shingles recipe (createaddition:charging/weathered_copper_shingles) specified a duration. Durations have no impact on this type of recipe.
[02:38:01] [main/ERROR]: Parsing error loading recipe farmersknives:manasteel_knife Unknown item 'farmersknives:manasteel_knife'
[02:38:01] [main/INFO]: [STDOUT]: empty indrev:salt
[02:38:01] [main/ERROR]: Parsing error loading recipe sortilege:golden_staff Unknown item 'sortilege:golden_staff'
[02:38:01] [main/WARN]: Your custom createaddition:charging/exposed_copper recipe (createaddition:charging/exposed_copper) specified a duration. Durations have no impact on this type of recipe.
[02:38:01] [main/WARN]: Your custom createaddition:rolling/brass_ingot recipe (createaddition:rolling/brass_ingot) specified a duration. Durations have no impact on this type of recipe.
[02:38:01] [main/WARN]: Your custom createaddition:charging/copper_shingle_stairs recipe (createaddition:charging/copper_shingle_stairs) specified a duration. Durations have no impact on this type of recipe.
[02:38:01] [main/WARN]: Your custom createaddition:rolling/copper_ingot recipe (createaddition:rolling/copper_ingot) specified a duration. Durations have no impact on this type of recipe.
[02:38:01] [main/ERROR]: Parsing error loading recipe endrem:apotheosis_cryptic_eye Invalid or unsupported recipe type 'apotheosis:enchanting'
[02:38:01] [main/WARN]: Your custom createaddition:charging/weathered_copper recipe (createaddition:charging/weathered_copper) specified a duration. Durations have no impact on this type of recipe.
[02:38:01] [main/ERROR]: Parsing error loading recipe farmersknives:elementium_knife Unknown item 'farmersknives:elementium_knife'
[02:38:01] [main/WARN]: Your custom createaddition:charging/cut_copper_slab recipe (createaddition:charging/cut_copper_slab) specified a duration. Durations have no impact on this type of recipe.
[02:38:01] [main/WARN]: Your custom createaddition:charging/exposed_cut_copper_stairs recipe (createaddition:charging/exposed_cut_copper_stairs) specified a duration. Durations have no impact on this type of recipe.
[02:38:01] [main/WARN]: Your custom createaddition:rolling/electrum_plate recipe (createaddition:rolling/electrum_plate) specified a duration. Durations have no impact on this type of recipe.
[02:38:01] [main/ERROR]: Parsing error loading recipe zenith:sigil_of_rebirth Unknown item 'zenith:gem_dust'
[02:38:01] [main/WARN]: Your custom createaddition:charging/copper_shingle_slab recipe (createaddition:charging/copper_shingle_slab) specified a duration. Durations have no impact on this type of recipe.
[02:38:01] [main/WARN]: Your custom createaddition:rolling/iron_plate recipe (createaddition:rolling/iron_plate) specified a duration. Durations have no impact on this type of recipe.
[02:38:01] [main/ERROR]: Parsing error loading recipe supplementaries:integration/ash_bricks_fd An ingredient entry needs either a tag or an item
[02:38:01] [main/WARN]: Your custom createaddition:rolling/gold_plate recipe (createaddition:rolling/gold_plate) specified a duration. Durations have no impact on this type of recipe.
[02:38:01] [main/WARN]: Your custom createaddition:charging/exposed_cut_copper recipe (createaddition:charging/exposed_cut_copper) specified a duration. Durations have no impact on this type of recipe.
[02:38:01] [main/WARN]: Your custom createaddition:rolling/electrum_ingot recipe (createaddition:rolling/electrum_ingot) specified a duration. Durations have no impact on this type of recipe.
[02:38:01] [main/WARN]: Your custom createaddition:charging/exposed_cut_copper_slab recipe (createaddition:charging/exposed_cut_copper_slab) specified a duration. Durations have no impact on this type of recipe.
[02:38:01] [main/WARN]: Your custom createaddition:charging/weathered_copper_shingle_stairs recipe (createaddition:charging/weathered_copper_shingle_stairs) specified a duration. Durations have no impact on this type of recipe.
[02:38:01] [main/ERROR]: Parsing error loading recipe sortilege:iron_staff Unknown item 'sortilege:iron_staff'
[02:38:01] [main/ERROR]: Parsing error loading recipe supplementaries:integration/lapis_bricks_fd An ingredient entry needs either a tag or an item
[02:38:01] [main/ERROR]: Parsing error loading recipe farmersknives:terra_knife Unknown item 'farmersknives:terra_knife'
[02:38:01] [main/ERROR]: Parsing error loading recipe simplyskills:malevolent_manuscript Unknown item 'simplyskills:malevolent_manuscript'
[02:38:01] [main/ERROR]: Parsing error loading recipe sortilege:wooden_staff Unknown item 'sortilege:wooden_staff'
[02:38:01] [main/WARN]: Your custom createaddition:rolling/iron_ingot recipe (createaddition:rolling/iron_ingot) specified a duration. Durations have no impact on this type of recipe.
[02:38:01] [main/WARN]: Your custom createaddition:charging/copper_shingles recipe (createaddition:charging/copper_shingles) specified a duration. Durations have no impact on this type of recipe.
[02:38:01] [main/WARN]: Your custom createaddition:charging/copper_block recipe (createaddition:charging/copper_block) specified a duration. Durations have no impact on this type of recipe.
[02:38:01] [main/WARN]: Your custom createaddition:rolling/gold_ingot recipe (createaddition:rolling/gold_ingot) specified a duration. Durations have no impact on this type of recipe.
[02:38:01] [main/WARN]: Your custom createaddition:rolling/straw recipe (createaddition:rolling/straw) specified a duration. Durations have no impact on this type of recipe.
[02:38:01] [main/WARN]: Your custom createaddition:charging/exposed_copper_shingle_stairs recipe (createaddition:charging/exposed_copper_shingle_stairs) specified a duration. Durations have no impact on this type of recipe.
[02:38:01] [main/WARN]: Your custom createaddition:charging/cut_copper_block recipe (createaddition:charging/cut_copper_block) specified a duration. Durations have no impact on this type of recipe.
[02:38:01] [main/WARN]: Your custom createaddition:charging/channeling recipe (createaddition:charging/channeling) specified a duration. Durations have no impact on this type of recipe.
[02:38:01] [main/WARN]: Your custom createaddition:charging/weathered_cut_copper_stairs recipe (createaddition:charging/weathered_cut_copper_stairs) specified a duration. Durations have no impact on this type of recipe.
[02:38:01] [main/WARN]: Your custom createaddition:compat/ae2/charged_certus_quartz recipe (createaddition:compat/ae2/charged_certus_quartz) specified a duration. Durations have no impact on this type of recipe.
[02:38:01] [main/ERROR]: Parsing error loading recipe farmersknives:cryomarble_knife Missing field template
[02:38:01] [main/WARN]: Your custom createaddition:charging/exposed_copper_shingles recipe (createaddition:charging/exposed_copper_shingles) specified a duration. Durations have no impact on this type of recipe.
[02:38:01] [main/WARN]: Your custom createaddition:charging/weathered_cut_copper recipe (createaddition:charging/weathered_cut_copper) specified a duration. Durations have no impact on this type of recipe.
[02:38:01] [main/WARN]: Your custom createaddition:charging/cut_copper_stairs recipe (createaddition:charging/cut_copper_stairs) specified a duration. Durations have no impact on this type of recipe.
[02:38:01] [main/WARN]: Your custom createaddition:charging/weathered_cut_copper_slab recipe (createaddition:charging/weathered_cut_copper_slab) specified a duration. Durations have no impact on this type of recipe.
[02:38:01] [main/WARN]: Your custom createaddition:rolling/copper_plate recipe (createaddition:rolling/copper_plate) specified a duration. Durations have no impact on this type of recipe.
[02:38:01] [main/WARN]: Your custom createaddition:charging/weathered_copper_shingle_slab recipe (createaddition:charging/weathered_copper_shingle_slab) specified a duration. Durations have no impact on this type of recipe.
[02:38:01] [main/ERROR]: Parsing error loading recipe sortilege:netherite_staff Unknown item 'sortilege:diamond_staff'
[02:38:01] [main/ERROR]: Parsing error loading recipe zenith:sigil_of_enhancement Unknown item 'zenith:gem_dust'
[02:38:01] [main/WARN]: Your custom createaddition:charging/exposed_copper_shingle_slab recipe (createaddition:charging/exposed_copper_shingle_slab) specified a duration. Durations have no impact on this type of recipe.
[02:38:01] [main/INFO]: Loaded 154 recipes
[02:38:01] [main/WARN]: Recipe without matching ID:zenith:potion_charm_enchanting
[02:38:01] [main/ERROR]: Parsing error loading custom advancement copycats:recipes/crafting/copycat_iron_trapdoor: Missing criteria, expected to find a JsonObject
[02:38:01] [main/ERROR]: Parsing error loading custom advancement copycats:recipes/crafting/copycat_vertical_half_layer: Missing criteria, expected to find a JsonObject
[02:38:01] [main/ERROR]: Parsing error loading custom advancement copycats:recipes/crafting/copycat_step_from_conversion: Missing criteria, expected to find a JsonObject
[02:38:01] [main/ERROR]: Parsing error loading custom advancement copycats:recipes/crafting/copycat_byte: Missing criteria, expected to find a JsonObject
[02:38:01] [main/ERROR]: Parsing error loading custom advancement copycats:recipes/crafting/copycat_pane: Missing criteria, expected to find a JsonObject
[02:38:01] [main/ERROR]: Parsing error loading custom advancement copycats:recipes/crafting/copycat_layer_from_half_layers: Missing criteria, expected to find a JsonObject
[02:38:01] [main/ERROR]: Parsing error loading custom advancement copycats:recipes/crafting/copycat_folding_door: Missing criteria, expected to find a JsonObject
[02:38:01] [main/ERROR]: Parsing error loading custom advancement indrev:mk4_upgrade: Failed to parse 'location' field
[02:38:01] [main/ERROR]: Parsing error loading custom advancement copycats:recipes/crafting/copycat_stone_pressure_plate: Missing criteria, expected to find a JsonObject
[02:38:01] [main/ERROR]: Parsing error loading custom advancement copycats:recipes/crafting/copycat_byte_panel: Missing criteria, expected to find a JsonObject
[02:38:01] [main/ERROR]: Parsing error loading custom advancement copycats:recipes/crafting/copycat_stacked_half_layer_from_conversion: Missing criteria, expected to find a JsonObject
[02:38:01] [main/ERROR]: Parsing error loading custom advancement copycats:recipes/crafting/copycat_sliding_door_from_conversion: Missing criteria, expected to find a JsonObject
[02:38:01] [main/ERROR]: Parsing error loading custom advancement copycats:recipes/crafting/copycat_vertical_stairs: Missing criteria, expected to find a JsonObject
[02:38:01] [main/ERROR]: Parsing error loading custom advancement copycats:recipes/crafting/copycat_trapdoor: Missing criteria, expected to find a JsonObject
[02:38:01] [main/ERROR]: Parsing error loading custom advancement copycats:recipes/crafting/copycat_vertical_step: Missing criteria, expected to find a JsonObject
[02:38:01] [main/ERROR]: Parsing error loading custom advancement copycats:recipes/crafting/copycat_trapdoor_from_conversion: Missing criteria, expected to find a JsonObject
[02:38:01] [main/ERROR]: Parsing error loading custom advancement copycats:recipes/crafting/copycat_vertical_slice_from_conversion: Missing criteria, expected to find a JsonObject
[02:38:01] [main/ERROR]: Parsing error loading custom advancement copycats:recipes/crafting/copycat_slope_layer: Missing criteria, expected to find a JsonObject
[02:38:01] [main/ERROR]: Parsing error loading custom advancement copycats:recipes/crafting/copycat_vertical_slope: Missing criteria, expected to find a JsonObject
[02:38:01] [main/ERROR]: Parsing error loading custom advancement copycats:recipes/crafting/copycat_flat_pane: Missing criteria, expected to find a JsonObject
[02:38:01] [main/ERROR]: Parsing error loading custom advancement copycats:recipes/crafting/copycat_half_panel: Missing criteria, expected to find a JsonObject
[02:38:01] [main/ERROR]: Parsing error loading custom advancement copycats:recipes/crafting/copycat_slice_from_conversion: Missing criteria, expected to find a JsonObject
[02:38:01] [main/ERROR]: Parsing error loading custom advancement copycats:recipes/crafting/copycat_flat_pane_from_conversion: Missing criteria, expected to find a JsonObject
[02:38:01] [main/ERROR]: Parsing error loading custom advancement copycats:recipes/crafting/copycat_slab_from_steps: Missing criteria, expected to find a JsonObject
[02:38:01] [main/ERROR]: Parsing error loading custom advancement copycats:recipes/crafting/copycat_panel_from_conversion: Missing criteria, expected to find a JsonObject
[02:38:01] [main/ERROR]: Parsing error loading custom advancement copycats:recipes/crafting/copycat_board: Missing criteria, expected to find a JsonObject
[02:38:01] [main/ERROR]: Parsing error loading custom advancement copycats:recipes/crafting/copycat_fence: Missing criteria, expected to find a JsonObject
[02:38:01] [main/ERROR]: Parsing error loading custom advancement copycats:recipes/crafting/copycat_vertical_stairs_from_conversion: Missing criteria, expected to find a JsonObject
[02:38:01] [main/ERROR]: Parsing error loading custom advancement copycats:recipes/crafting/copycat_block_from_slabs: Missing criteria, expected to find a JsonObject
[02:38:01] [main/ERROR]: Parsing error loading custom advancement copycats:recipes/crafting/copycat_vertical_slope_from_conversion: Missing criteria, expected to find a JsonObject
[02:38:01] [main/ERROR]: Parsing error loading custom advancement copycats:recipes/crafting/copycat_vertical_step_from_conversion: Missing criteria, expected to find a JsonObject
[02:38:01] [main/ERROR]: Parsing error loading custom advancement copycats:recipes/crafting/copycat_slab: Missing criteria, expected to find a JsonObject
[02:38:01] [main/ERROR]: Parsing error loading custom advancement copycats:recipes/crafting/copycat_stacked_half_layer: Missing criteria, expected to find a JsonObject
[02:38:01] [main/ERROR]: Parsing error loading custom advancement copycats:recipes/crafting/copycat_stone_button: Missing criteria, expected to find a JsonObject
[02:38:01] [main/ERROR]: Parsing error loading custom advancement explorerscompass:explorers_compass_cobweb: Expected items to be a JsonArray, was "min...eb"
[02:38:01] [main/ERROR]: Parsing error loading custom advancement copycats:recipes/crafting/copycat_pane_from_conversion: Missing criteria, expected to find a JsonObject
[02:38:01] [main/ERROR]: Parsing error loading custom advancement explorerscompass:explorers_compass_cracked_stone_bricks: Expected items to be a JsonArray, was "min...ks"
[02:38:01] [main/ERROR]: Parsing error loading custom advancement copycats:recipes/crafting/copycat_slab_from_beams: Missing criteria, expected to find a JsonObject
[02:38:01] [main/ERROR]: Parsing error loading custom advancement copycats:recipes/crafting/copycat_vertical_slice: Missing criteria, expected to find a JsonObject
[02:38:01] [main/ERROR]: Parsing error loading custom advancement copycats:recipes/crafting/copycat_large_cogwheel: Missing criteria, expected to find a JsonObject
[02:38:01] [main/ERROR]: Parsing error loading custom advancement copycats:recipes/crafting/copycat_vertical_half_layer_from_conversion: Missing criteria, expected to find a JsonObject
[02:38:01] [main/ERROR]: Parsing error loading custom advancement copycats:recipes/crafting/copycat_slab_from_panels: Missing criteria, expected to find a JsonObject
[02:38:01] [main/ERROR]: Parsing error loading custom advancement copycats:recipes/crafting/copycat_slope: Missing criteria, expected to find a JsonObject
[02:38:01] [main/ERROR]: Parsing error loading custom advancement copycats:recipes/crafting/copycat_layer: Missing criteria, expected to find a JsonObject
[02:38:01] [main/ERROR]: Parsing error loading custom advancement simplyswords:grant_book_on_first_join: Missing criteria, expected to find a JsonObject
[02:38:01] [main/ERROR]: Parsing error loading custom advancement copycats:recipes/crafting/copycat_beam: Missing criteria, expected to find a JsonObject
[02:38:01] [main/ERROR]: Parsing error loading custom advancement copycats:recipes/crafting/copycat_stairs_from_conversion: Missing criteria, expected to find a JsonObject
[02:38:01] [main/ERROR]: Parsing error loading custom advancement copycats:recipes/crafting/copycat_folding_door_from_conversion: Missing criteria, expected to find a JsonObject
[02:38:01] [main/ERROR]: Parsing error loading custom advancement copycats:recipes/crafting/copycat_wooden_button: Missing criteria, expected to find a JsonObject
[02:38:01] [main/ERROR]: Parsing error loading custom advancement copycats:recipes/crafting/copycat_shaft: Missing criteria, expected to find a JsonObject
[02:38:01] [main/ERROR]: Parsing error loading custom advancement copycats:recipes/crafting/copycat_sliding_door: Missing criteria, expected to find a JsonObject
[02:38:01] [main/ERROR]: Parsing error loading custom advancement copycats:recipes/crafting/copycat_ghost_block: Missing criteria, expected to find a JsonObject
[02:38:01] [main/ERROR]: Parsing error loading custom advancement indrev:mk3_upgrade: Failed to parse 'location' field
[02:38:01] [main/ERROR]: Parsing error loading custom advancement copycats:recipes/crafting/copycat_panel_from_half_panels: Missing criteria, expected to find a JsonObject
[02:38:01] [main/ERROR]: Parsing error loading custom advancement copycats:recipes/crafting/copycat_half_layer_from_conversion: Missing criteria, expected to find a JsonObject
[02:38:01] [main/ERROR]: Parsing error loading custom advancement indrev:mk2_upgrade: Failed to parse 'location' field
[02:38:01] [main/ERROR]: Parsing error loading custom advancement copycats:recipes/crafting/copycat_wall: Missing criteria, expected to find a JsonObject
[02:38:01] [main/ERROR]: Parsing error loading custom advancement copycats:recipes/crafting/copycat_wooden_pressure_plate: Missing criteria, expected to find a JsonObject
[02:38:01] [main/ERROR]: Parsing error loading custom advancement copycats:recipes/crafting/copycat_cogwheel: Missing criteria, expected to find a JsonObject
[02:38:01] [main/ERROR]: Parsing error loading custom advancement copycats:recipes/crafting/copycat_fluid_pipe: Missing criteria, expected to find a JsonObject
[02:38:01] [main/ERROR]: Parsing error loading custom advancement naturescompass:natures_compass: Expected items to be a JsonArray, was "min...ss"
[02:38:01] [main/ERROR]: Parsing error loading custom advancement copycats:recipes/crafting/copycat_slope_from_conversion: Missing criteria, expected to find a JsonObject
[02:38:01] [main/ERROR]: Parsing error loading custom advancement explorerscompass:explorers_compass: Expected items to be a JsonArray, was "min...ss"
[02:38:01] [main/ERROR]: Parsing error loading custom advancement copycats:recipes/crafting/copycat_light_weighted_pressure_plate: Missing criteria, expected to find a JsonObject
[02:38:01] [main/ERROR]: Parsing error loading custom advancement copycats:recipes/crafting/copycat_half_layer: Missing criteria, expected to find a JsonObject
[02:38:01] [main/ERROR]: Parsing error loading custom advancement copycats:recipes/crafting/copycat_stairs: Missing criteria, expected to find a JsonObject
[02:38:02] [main/ERROR]: Parsing error loading custom advancement copycats:recipes/crafting/copycat_iron_door: Missing criteria, expected to find a JsonObject
[02:38:02] [main/ERROR]: Parsing error loading custom advancement copycats:recipes/crafting/copycat_block: Missing criteria, expected to find a JsonObject
[02:38:02] [main/ERROR]: Parsing error loading custom advancement copycats:recipes/crafting/copycat_catwalk: Missing criteria, expected to find a JsonObject
[02:38:02] [main/ERROR]: Parsing error loading custom advancement copycats:recipes/crafting/copycat_heavy_weighted_pressure_plate: Missing criteria, expected to find a JsonObject
[02:38:02] [main/ERROR]: Parsing error loading custom advancement copycats:recipes/crafting/copycat_corner_slice: Missing criteria, expected to find a JsonObject
[02:38:02] [main/ERROR]: Parsing error loading custom advancement copycats:recipes/crafting/copycat_door: Missing criteria, expected to find a JsonObject
[02:38:02] [main/ERROR]: Parsing error loading custom advancement copycats:recipes/crafting/copycat_box: Missing criteria, expected to find a JsonObject
[02:38:02] [main/ERROR]: Parsing error loading custom advancement copycats:recipes/crafting/copycat_slice: Missing criteria, expected to find a JsonObject
[02:38:02] [main/ERROR]: Parsing error loading custom advancement copycats:recipes/crafting/copycat_fence_gate: Missing criteria, expected to find a JsonObject
[02:38:02] [main/ERROR]: Parsing error loading custom advancement copycats:recipes/crafting/copycat_ladder: Missing criteria, expected to find a JsonObject
[02:38:02] [main/INFO]: Loaded 14963 advancements
[02:38:02] [main/INFO]: Registered 16 gear_sets.
[02:38:02] [main/INFO]: Registered 34 enchanting_stats.
[02:38:02] [main/WARN]: Outdated config schema! Config might not work correctly. Current schema is 2.
[02:38:02] [main/INFO]: Loaded 30 Loonium configurations
[02:38:02] [main/INFO]: Loaded 9 turtle upgrades
[02:38:02] [main/INFO]: Loaded 3 pocket computer upgrades
[02:38:02] [main/INFO]: Loaded 0 item attribute modifiers
[02:38:02] [main/INFO]: Saved 36 Value Calculator templates to config folder
[02:38:02] [main/INFO]: Loaded config for: lootintegrations.json
[02:38:02] [main/INFO]: Reloading Spawner Rune data...
[02:38:02] [main/INFO]: Reloading config...
[02:38:02] [main/WARN]: Could not decode GlobalLootModifier with json id supplementaries:ash_from_burning_mobs - error: Unknown registry key in ResourceKey[minecraft:root / porting_lib:global_loot_modifier_serializers]: moonlight:add_item
[02:38:02] [main/WARN]: Could not decode GlobalLootModifier with json id supplementaries:straw_from_flax - error: Unknown registry key in ResourceKey[minecraft:root / porting_lib:global_loot_modifier_serializers]: moonlight:add_item
[02:38:02] [main/WARN]: Could not decode GlobalLootModifier with json id supplementaries:fishing_antique_ink - error: Unknown registry key in ResourceKey[minecraft:root / porting_lib:global_loot_modifier_serializers]: moonlight:add_item
[02:38:02] [main/WARN]: Could not decode GlobalLootModifier with json id supplementaries:fishing_antique_ink_treasure - error: Unknown registry key in ResourceKey[minecraft:root / porting_lib:global_loot_modifier_serializers]: moonlight:add_item
[02:38:02] [main/WARN]: Could not decode GlobalLootModifier with json id supplementaries:replace_rope - error: Unknown registry key in ResourceKey[minecraft:root / porting_lib:global_loot_modifier_serializers]: supplementaries:replace_rope
[02:38:02] [main/WARN]: Could not decode GlobalLootModifier with json id zenith:affix_conversion - error: Unknown registry key in ResourceKey[minecraft:root / porting_lib:global_loot_modifier_serializers]: zenith:affix_conversion
[02:38:02] [main/WARN]: Could not decode GlobalLootModifier with json id zenith:affix_loot - error: Unknown registry key in ResourceKey[minecraft:root / porting_lib:global_loot_modifier_serializers]: zenith:affix_loot
[02:38:02] [main/WARN]: Could not decode GlobalLootModifier with json id zenith:gems - error: Unknown registry key in ResourceKey[minecraft:root / porting_lib:global_loot_modifier_serializers]: zenith:gems
[02:38:02] [main/WARN]: Could not decode GlobalLootModifier with json id zenith:affix_hook - error: Unknown registry key in ResourceKey[minecraft:root / porting_lib:global_loot_modifier_serializers]: zenith:affix_hook
[02:38:02] [main/INFO]: [Fabric Seasons] Successfully loaded 118 custom crop configs.
[02:38:02] [main/INFO]: Loading Configs for Sortilege
[02:38:02] [main/INFO]: Couldn't find config value for path : "[enchantments, enchant_catalyst, show_in_tooltip]", defaulting to true
[02:38:02] [main/INFO]: Couldn't find config value for path : "[enchantments, enabled_enchants]", defaulting to {}
[02:38:02] [main/INFO]: Couldn't find config value for path : "[death, xp_keeping, stolen_xp_data]", defaulting to 41
[02:38:02] [main/INFO]: Couldn't find config value for path : "[death, glowing_killer]", defaulting to true
[02:38:03] [main/INFO]: Loaded 27 flute songs
[02:38:03] [main/INFO]: Loaded 3 global temperature effects
[02:38:03] [main/INFO]: Loaded 12 type specific temperature effects
[02:38:03] [main/INFO]: Loaded 156 recipes
[02:38:03] [main/INFO]: Deserializing default trades of profession: villagersplus:alchemist
[02:38:03] [main/INFO]: Deserializing default trades of profession: villagersplus:horticulturist
[02:38:03] [main/INFO]: Deserializing default trades of profession: villagersplus:occultist
[02:38:03] [main/INFO]: Deserializing default trades of profession: villagersplus:oceanographer
[02:38:03] [main/INFO]: Reloading grave shape (server)
[02:38:03] [main/INFO]: Grave model and shape reload successful (server)
[02:38:03] [main/INFO]: Reloading YIGD graveyard data (server)
[02:38:03] [main/INFO]: Graveyard data successfully reloaded (server)
[02:38:03] [main/INFO]: Reloading YIGD grave area overrides (server)
[02:38:03] [main/INFO]: Grave area overrides successfully reloaded (server)
[02:38:03] [main/WARN]: Not all defined tags for registry ResourceKey[minecraft:root / minecraft:worldgen/biome] are present in data pack: c:biomes_that_dont_exist
[02:38:04] [main/INFO]: Applied 7 data villager trades
[02:38:04] [main/INFO]: Finished additional setup in 0 ms
[02:38:04] [main/ERROR]: Trade result entry is set to required but minecraft:oak_branch item does not exist.
[02:38:04] [main/ERROR]: Trade result entry is set to required but minecraft:oak_shrub item does not exist.
[02:38:04] [main/ERROR]: [worlds_together] Unable to parse Version in jar:file:///workspaces/elpepe/servidor_minecraft/mods/wither_spawn_fix-MC1.20.1-1.0.0.jar
[02:38:04] [main/ERROR]: [worlds_together] Unable to parse Version in jar:file:///workspaces/elpepe/servidor_minecraft/mods/oceansdelight-fdrf-fabric-1.0.2-1.20.jar
[02:38:04] [main/ERROR]: [worlds_together] Unable to parse Version in jar:file:///workspaces/elpepe/servidor_minecraft/mods/ends_delight-refabricated-1.20.1-2.5.jar
[02:38:04] [main/ERROR]: [worlds_together] Unable to parse Version in jar:file:///workspaces/elpepe/servidor_minecraft/mods/netherdepthsupgrade-fabric-3.1.6-1.20.jar
[02:38:04] [main/ERROR]: [worlds_together] Unable to parse Version in jar:file:///workspaces/elpepe/servidor_minecraft/mods/naturalist-5.0pre3+fabric-1.20.1.jar
[02:38:04] [main/INFO]: [bclib] Updating Pickers for BCLib - The End  BiomeSource (66b5abbb)
[02:38:04] [main/INFO]: [bclib] Updating Pickers for BCLib - Nether BiomeSource (4302af8f)
[02:38:04] [main/WARN]: Initial datapack load took 18.56 s
[02:38:04] [main/INFO]: Mixing server.MixinDedicatedServer from mixins/common/nochatreports.mixins.json into net.minecraft.class_3176
[02:38:04] [main/INFO]: Mixing server.MixinPlayerList from mixins/common/nochatreports.mixins.json into net.minecraft.class_3324
[02:38:05] [main/INFO]: Initialized TerraBlender biomes for level stem minecraft:overworld
[02:38:05] [main/INFO]: Applied 13540 biome modifications to 227 of 227 new biomes in 336.1 ms
[02:38:05] [Server thread/INFO]: Loading server config for barteringstation
[02:38:05] [Thread-5/INFO]: Reloading server config for barteringstation
[02:38:05] [Thread-5/INFO]: Reloading server config for barteringstation
[02:38:05] [Server thread/INFO]: Loading server config for leavesbegone
[02:38:05] [Thread-5/INFO]: Reloading server config for leavesbegone
[02:38:05] [Thread-5/INFO]: Reloading server config for leavesbegone
[02:38:05] [Server thread/INFO]: Loading server config for magnumtorch
[02:38:05] [Thread-5/INFO]: Reloading server config for magnumtorch
[02:38:05] [Thread-5/INFO]: Reloading server config for magnumtorch
[02:38:05] [Server thread/INFO]: Loading server config for mutantmonsters
[02:38:05] [Thread-5/INFO]: Reloading server config for mutantmonsters
[02:38:05] [Server thread/INFO]: Loading server config for netherchested
[02:38:05] [Server thread/INFO]: Loading server config for puzzlesapi
[02:38:05] [Thread-5/INFO]: Reloading server config for netherchested
[02:38:05] [Server thread/INFO]: Loading server config for tradingpost
[02:38:05] [Thread-5/INFO]: Reloading server config for tradingpost
[02:38:05] [Server thread/INFO]: loaded team data: 3 known players, 4 teams total
[02:38:05] [Server thread/INFO]: Loading config from ./world/serverconfig/computercraft-server.toml
[02:38:05] [Server thread/INFO]: Config 'explorations.json' was successfully loaded.
[02:38:05] [Server thread/INFO]: Added statues to vanilla villages
[02:38:05] [Server thread/INFO]: Adding waystone fwaystones:village_waystone to village kaisyn:village/sparse_jungle_polynesian/houses
[02:38:05] [Server thread/INFO]: Adding waystone fwaystones:village_waystone to village kaisyn:village/flower_forest_japanese/houses
[02:38:05] [Server thread/INFO]: Adding waystone fwaystones:village_waystone to village kaisyn:village/swamp_boat/houses
[02:38:05] [Server thread/INFO]: Adding waystone fwaystones:village_waystone to village minecraft:village/savanna/houses
[02:38:05] [Server thread/INFO]: Adding waystone fwaystones:village_waystone to village minecraft:village/plains/houses
[02:38:05] [Server thread/INFO]: Adding waystone fwaystones:village_waystone to village kaisyn:village/badlands_pueblo/houses
[02:38:05] [Server thread/INFO]: Adding waystone fwaystones:village_waystone to village kaisyn:village/sunflower_plains_farm/side/farms
[02:38:05] [Server thread/INFO]: Adding waystone fwaystones:village_waystone to village kaisyn:village/exclusives/tudor/houses
[02:38:05] [Server thread/INFO]: Adding waystone fwaystones:village_waystone to village kaisyn:village/exclusives/mediterranean/houses/regular
[02:38:05] [Server thread/INFO]: Adding waystone fwaystones:village_waystone to village kaisyn:village/snowy_slopes_inn/decor
[02:38:05] [Server thread/INFO]: Adding waystone fwaystones:village_waystone to village kaisyn:village/grove_villager_outpost/decor
[02:38:05] [Server thread/INFO]: Adding waystone fwaystones:village_waystone to village minecraft:village/taiga/houses
[02:38:05] [Server thread/INFO]: Adding waystone fwaystones:village_waystone to village kaisyn:village/meadow_swiss/houses
[02:38:05] [Server thread/INFO]: Adding waystone fwaystones:village_waystone to village kaisyn:village/exclusives/iberian/houses
[02:38:05] [Server thread/INFO]: Adding waystone fwaystones:village_waystone to village kaisyn:village/snowy_taiga_viking/houses
[02:38:05] [Server thread/INFO]: Adding waystone fwaystones:village_waystone to village kaisyn:village/birch_forest_romanian/houses
[02:38:05] [Server thread/INFO]: Adding waystone fwaystones:village_waystone to village kaisyn:village/jungle_tribal/houses
[02:38:05] [Server thread/INFO]: Adding waystone fwaystones:village_waystone to village kaisyn:village/beach_lighthouse/side/cross
[02:38:05] [Server thread/INFO]: Adding waystone fwaystones:village_waystone to village minecraft:village/snowy/houses
[02:38:05] [Server thread/INFO]: Adding waystone fwaystones:village_waystone to village kaisyn:village/mushroom_fields_fantasy/houses
[02:38:05] [Server thread/INFO]: Adding waystone fwaystones:village_waystone to village kaisyn:village/old_growth_taiga_polish/houses
[02:38:05] [Server thread/INFO]: Adding waystone fwaystones:village_waystone to village kaisyn:village/exclusives/rustic/houses
[02:38:05] [Server thread/INFO]: Adding waystone fwaystones:desert_village_waystone to village minecraft:village/desert/houses
[02:38:05] [Server thread/INFO]: Adding waystone fwaystones:village_waystone to village kaisyn:village/exclusives/swedish/houses
[02:38:06] [Server thread/INFO]: [puffish_skills] Mod configuration loaded successfully!
[02:38:06] [Server thread/INFO]: [puffish_skills] Data pack `simplyskills` loaded successfully!
[02:38:06] [Server thread/INFO]: Starting background profiler...
[02:38:06] [Server thread/INFO]: [STDERR]: Spell Engine: Failed to parse spell: spellbladenext:spells/lightningsmite.json | Reason: com.google.gson.stream.MalformedJsonException: Expected name at line 12 column 4 path $.cast.animation
[02:38:07] [Server thread/INFO]: [STDOUT]: Encoded SpellRegistry size (with package overhead): 767299 bytes (in 77 string chunks with the size of 10000)
[02:38:07] [Server thread/INFO]: Initializing environment controller...
[02:38:07] [Server thread/INFO]: Scanning class appeng.server.testplots.TestPlots for plots
[02:38:07] [Server thread/INFO]: Scanning class appeng.server.testplots.AutoCraftingTestPlots for plots
[02:38:07] [Server thread/INFO]: Scanning class appeng.server.testplots.InscriberTestPlots for plots
[02:38:07] [Server thread/INFO]: Scanning class appeng.server.testplots.P2PTestPlots for plots
[02:38:07] [Server thread/INFO]: Scanning class appeng.server.testplots.ItemP2PTestPlots for plots
[02:38:07] [Server thread/INFO]: Scanning class appeng.server.testplots.MemoryCardTestPlots for plots
[02:38:07] [Server thread/INFO]: Scanning class appeng.server.testplots.PatternProviderLockModePlots for plots
[02:38:07] [Server thread/INFO]: Scanning class appeng.server.testplots.PatternProviderPlots for plots
[02:38:07] [Server thread/INFO]: Scanning class appeng.server.testplots.SpatialTestPlots for plots
[02:38:07] [Server thread/INFO]: Scanning class appeng.server.testplots.QnbTestPlots for plots
[02:38:07] [Server thread/INFO]: Scanning class appeng.server.testplots.GuidebookPlot for plots
[02:38:07] [Server thread/INFO]: Scanning class appeng.server.testplots.SubnetPlots for plots
[02:38:07] [Server thread/INFO]: Scanning class appeng.server.testplots.ChannelTests for plots
[02:38:07] [Server thread/INFO]: Scanning class appeng.server.testplots.AnnihilationPlaneTests for plots
[02:38:07] [Server thread/INFO]: Scanning class de.mari_023.ae2wtlib.AE2WTLibTestPlots for plots
[02:38:07] [Server thread/INFO]: Starting minecraft server version 1.20.1
[02:38:07] [Server thread/INFO]: Loading properties
[02:38:07] [Server thread/INFO]: Default game type: SURVIVAL
[02:38:07] [Server thread/INFO]: Generating keypair
[02:38:07] [Server thread/INFO]: Starting Minecraft server on *:25565
[02:38:07] [Server thread/INFO]: Using epoll channel type
[02:38:07] [Server thread/WARN]: **** SERVER IS RUNNING IN OFFLINE/INSECURE MODE!
[02:38:07] [Server thread/WARN]: The server will make no attempt to authenticate usernames. Beware.
[02:38:07] [Server thread/WARN]: While this makes the game possible to play without internet access, it also opens up the ability for hackers to connect with any username they choose.
[02:38:07] [Server thread/WARN]: To change this, set "online-mode" to "true" in the server.properties file.
[02:38:07] [Server thread/INFO]: [betternether] Freeze Registry[ResourceKey[minecraft:root / worlds_together:worldgen/betterx/surface_rules] (Stable)]
[02:38:07] [Server thread/INFO]: Preparing level "world"
[02:38:07] [Server thread/INFO]: Initializing Open Parties and Claims for the server...
[02:38:07] [Server thread/INFO]: Loading server info!
[02:38:07] [Server thread/INFO]: Loading player configs...
[02:38:07] [Server thread/INFO]: Loaded player configs!
[02:38:07] [Server thread/INFO]: Loading parties...
[02:38:07] [Server thread/INFO]: Loaded parties!
[02:38:07] [Server thread/INFO]: Fixing party inconsistencies...
[02:38:07] [Server thread/INFO]: Registered party system for OPAC: default
[02:38:07] [Server thread/INFO]: Registered party system for OPAC: ftb_teams
[02:38:07] [Server thread/INFO]: Registered permission system for OPAC: permission_api
[02:38:07] [Server thread/INFO]: [bclib] 
Apply Modifications for minecells:prison
    class_1992 (5b9d5a7c)
        biomes     = 1
        namespaces = minecells(1)
[02:38:07] [Server thread/INFO]: [bclib] 
Apply Modifications for the_bumblezone:the_bumblezone
    BzBiomeSource (32ec39a2)
        biomes     = 9
        namespaces = the_bumblezone(9)
[02:38:07] [Server thread/INFO]: [bclib] 
Apply Modifications for ad_astra:moon
    class_1992 (724d5dd5)
        biomes     = 1
        namespaces = ad_astra(1)
[02:38:07] [Server thread/INFO]: [bclib] 
Apply Modifications for graveyard:past
    class_4766 (56b0d3eb)
        biomes     = 53
        namespaces = minecraft(53)
[02:38:07] [Server thread/INFO]: [bclib] 
Apply Modifications for minecraft:overworld
    class_4766 (32cf3c43)
        biomes     = 127
        namespaces = minecraft(53), riverredux(3), snifferplus(1), promenade(4), regions_unexplored(66)
[02:38:07] [Server thread/INFO]: [bclib] 
Apply Modifications for ad_astra:moon_orbit
    class_1992 (390c87b0)
        biomes     = 1
        namespaces = ad_astra(1)
[02:38:07] [Server thread/INFO]: [bclib] 
Apply Modifications for minecells:insufferable_crypt
    class_1992 (7b6e15dd)
        biomes     = 1
        namespaces = minecells(1)
[02:38:07] [Server thread/INFO]: [bclib] 
Apply Modifications for ad_astra:mercury_orbit
    class_1992 (56f6e7d4)
        biomes     = 1
        namespaces = ad_astra(1)
[02:38:07] [Server thread/INFO]: [bclib] 
Apply Modifications for spellbladenext:glassocean
    class_1992 (2d104b08)
        biomes     = 1
        namespaces = spellbladenext(1)
[02:38:07] [Server thread/INFO]: [bclib] 
Apply Modifications for ad_astra:venus_orbit
    class_1992 (117e15f3)
        biomes     = 1
        namespaces = ad_astra(1)
[02:38:07] [Server thread/INFO]: [bclib] 
Apply Modifications for deeperdarker:otherside
    class_4766 (43a86f4f)
        biomes     = 4
        namespaces = deeperdarker(4)
[02:38:07] [Server thread/INFO]: [bclib] 
Apply Modifications for prominent:cinderstone_depths
    class_1992 (6ea09a08)
        biomes     = 1
        namespaces = prominent(1)
[02:38:07] [Server thread/INFO]: [bclib] 
Apply Modifications for minecells:promenade
    class_1992 (7ba615b6)
        biomes     = 1
        namespaces = minecells(1)
[02:38:07] [Server thread/INFO]: [bclib] 
Apply Modifications for minecraft:the_end
    BCLib - The End  BiomeSource (66b5abbb)
        biomes     = 28
        namespaces = betterend(19), minecraft(5), promenade(2), eldritch_end(2)
        seed       = 7968930085247588580
        height     = 128
        deciders   = 1
        config     = BCLEndBiomeSourceConfig{mapVersion=hex, generatorVersion=paulevs, withVoidBiomes=true, innerVoidRadiusSquared=1048576, voidBiomesSize=256, centerBiomesSize=256, landBiomesSize=256, barrensBiomesSize=256}
[02:38:07] [Server thread/INFO]: [bclib] 
Apply Modifications for minecells:ramparts
    class_1992 (4be7dc94)
        biomes     = 1
        namespaces = minecells(1)
[02:38:07] [Server thread/INFO]: [bclib] 
Apply Modifications for minecraft:the_nether
    BCLib - Nether BiomeSource (4302af8f)
        biomes     = 32
        namespaces = betternether(22), regions_unexplored(5), minecraft(5)
        seed       = 7968930085247588580
        height     = 128
        config     = BCLibNetherBiomeSourceConfig{mapVersion=hex, useVerticalBiomes=true, amplified=false, biomeSize=256, biomeSizeVertical=86}
[02:38:07] [Server thread/INFO]: [bclib] 
Apply Modifications for minecells:black_bridge
    class_1992 (7a52fea1)
        biomes     = 1
        namespaces = minecells(1)
[02:38:07] [Server thread/INFO]: [bclib] 
Apply Modifications for ad_astra:earth_orbit
    class_1992 (58b8c220)
        biomes     = 1
        namespaces = ad_astra(1)
[02:38:07] [Server thread/INFO]: [bclib] 
Apply Modifications for ad_astra:mars_orbit
    class_1992 (1aa4a69c)
        biomes     = 1
        namespaces = ad_astra(1)
[02:38:07] [Server thread/INFO]: [bclib] 
Apply Modifications for prominent:vaaz_volcano
    class_1992 (17128a30)
        biomes     = 1
        namespaces = prominent(1)
[02:38:07] [Server thread/INFO]: [bclib] 
Apply Modifications for ad_astra:mars
    class_4766 (281a3291)
        biomes     = 3
        namespaces = ad_astra(3)
[02:38:07] [Server thread/INFO]: [bclib] 
Apply Modifications for ad_astra:glacio
    class_4766 (d5e0d4d)
        biomes     = 2
        namespaces = ad_astra(2)
[02:38:07] [Server thread/INFO]: [bclib] 
Apply Modifications for ad_astra:glacio_orbit
    class_1992 (4c11a052)
        biomes     = 1
        namespaces = ad_astra(1)
[02:38:07] [Server thread/INFO]: [bclib] 
Apply Modifications for ad_astra:venus
    class_4766 (4d97b822)
        biomes     = 2
        namespaces = ad_astra(2)
[02:38:07] [Server thread/INFO]: [bclib] 
Apply Modifications for ad_astra:mercury
    class_4766 (db4d101)
        biomes     = 1
        namespaces = ad_astra(1)
[02:38:07] [Server thread/INFO]: [bclib] World Dimensions: 
 - minecells:prison: 
     net.minecraft.class_2897@352b987a 
     class_1992 (5b9d5a7c)
         biomes     = 1
         namespaces = minecells(1)
 - the_bumblezone:the_bumblezone: 
     com.telepathicgrunt.the_bumblezone.worldgen.dimension.BzChunkGenerator@1b4cee8e 
     BzBiomeSource (32ec39a2)
         biomes     = 9
         namespaces = the_bumblezone(9)
 - ad_astra:moon: 
     net.minecraft.class_3754@213f5b17 
     class_1992 (724d5dd5)
         biomes     = 1
         namespaces = ad_astra(1)
 - graveyard:past: 
     net.minecraft.class_3754@2a747f2d 
     class_4766 (56b0d3eb)
         biomes     = 53
         namespaces = minecraft(53)
 - minecraft:overworld: 
     net.minecraft.class_3754@69f32eee 
     class_4766 (32cf3c43)
         biomes     = 127
         namespaces = minecraft(53), riverredux(3), snifferplus(1), promenade(4), regions_unexplored(66)
 - ad_astra:moon_orbit: 
     net.minecraft.class_3754@30880aab 
     class_1992 (390c87b0)
         biomes     = 1
         namespaces = ad_astra(1)
 - minecells:insufferable_crypt: 
     net.minecraft.class_2897@b1ac000 
     class_1992 (7b6e15dd)
         biomes     = 1
         namespaces = minecells(1)
 - ad_astra:mercury_orbit: 
     net.minecraft.class_3754@26db62f3 
     class_1992 (56f6e7d4)
         biomes     = 1
         namespaces = ad_astra(1)
 - spellbladenext:glassocean: 
     net.minecraft.class_2897@7057846a 
     class_1992 (2d104b08)
         biomes     = 1
         namespaces = spellbladenext(1)
 - ad_astra:venus_orbit: 
     net.minecraft.class_3754@6ccf21d5 
     class_1992 (117e15f3)
         biomes     = 1
         namespaces = ad_astra(1)
 - deeperdarker:otherside: 
     net.minecraft.class_3754@f90c784 
     class_4766 (43a86f4f)
         biomes     = 4
         namespaces = deeperdarker(4)
 - prominent:cinderstone_depths: 
     net.minecraft.class_2897@7b74cf80 
     class_1992 (6ea09a08)
         biomes     = 1
         namespaces = prominent(1)
 - minecells:promenade: 
     net.minecraft.class_3754@728341a1 
     class_1992 (7ba615b6)
         biomes     = 1
         namespaces = minecells(1)
 - minecraft:the_end: 
     BCLib - Chunk Generator (7fb687af) 
     BCLib - The End  BiomeSource (66b5abbb)
         biomes     = 28
         namespaces = betterend(19), minecraft(5), promenade(2), eldritch_end(2)
         seed       = 7968930085247588580
         height     = 128
         deciders   = 1
         config     = BCLEndBiomeSourceConfig{mapVersion=hex, generatorVersion=paulevs, withVoidBiomes=true, innerVoidRadiusSquared=1048576, voidBiomesSize=256, centerBiomesSize=256, landBiomesSize=256, barrensBiomesSize=256}
 - minecells:ramparts: 
     net.minecraft.class_3754@16b0b76f 
     class_1992 (4be7dc94)
         biomes     = 1
         namespaces = minecells(1)
 - minecraft:the_nether: 
     BCLib - Chunk Generator (173719d8) 
     BCLib - Nether BiomeSource (4302af8f)
         biomes     = 32
         namespaces = betternether(22), regions_unexplored(5), minecraft(5)
         seed       = 7968930085247588580
         height     = 128
         config     = BCLibNetherBiomeSourceConfig{mapVersion=hex, useVerticalBiomes=true, amplified=false, biomeSize=256, biomeSizeVertical=86}
 - minecells:black_bridge: 
     net.minecraft.class_2897@7fed8fe9 
     class_1992 (7a52fea1)
         biomes     = 1
         namespaces = minecells(1)
 - ad_astra:earth_orbit: 
     net.minecraft.class_3754@77eef936 
     class_1992 (58b8c220)
         biomes     = 1
         namespaces = ad_astra(1)
 - ad_astra:mars_orbit: 
     net.minecraft.class_3754@9a5e0e6 
     class_1992 (1aa4a69c)
         biomes     = 1
         namespaces = ad_astra(1)
 - prominent:vaaz_volcano: 
     net.minecraft.class_2897@1735e6ad 
     class_1992 (17128a30)
         biomes     = 1
         namespaces = prominent(1)
 - ad_astra:mars: 
     net.minecraft.class_3754@e9e55a4 
     class_4766 (281a3291)
         biomes     = 3
         namespaces = ad_astra(3)
 - ad_astra:glacio: 
     net.minecraft.class_3754@35e682c5 
     class_4766 (d5e0d4d)
         biomes     = 2
         namespaces = ad_astra(2)
 - ad_astra:glacio_orbit: 
     net.minecraft.class_3754@305eff01 
     class_1992 (4c11a052)
         biomes     = 1
         namespaces = ad_astra(1)
 - ad_astra:venus: 
     net.minecraft.class_3754@4ce6ebff 
     class_4766 (4d97b822)
         biomes     = 2
         namespaces = ad_astra(2)
 - ad_astra:mercury: 
     net.minecraft.class_3754@4a559141 
     class_4766 (db4d101)
         biomes     = 1
         namespaces = ad_astra(1)
[02:38:07] [Server thread/INFO]: [bclib] Merged 19 additional Surface Rules for 
BCLib - The End  BiomeSource (66b5abbb)
    biomes     = 28
    namespaces = betterend(19), minecraft(5), promenade(2), eldritch_end(2)
    seed       = 7968930085247588580
    height     = 128
    deciders   = 1
    config     = BCLEndBiomeSourceConfig{mapVersion=hex, generatorVersion=paulevs, withVoidBiomes=true, innerVoidRadiusSquared=1048576, voidBiomesSize=256, centerBiomesSize=256, landBiomesSize=256, barrensBiomesSize=256} => 20
[02:38:07] [Server thread/INFO]: [bclib] Merged 22 additional Surface Rules for 
BCLib - Nether BiomeSource (4302af8f)
    biomes     = 32
    namespaces = betternether(22), regions_unexplored(5), minecraft(5)
    seed       = 7968930085247588580
    height     = 128
    config     = BCLibNetherBiomeSourceConfig{mapVersion=hex, useVerticalBiomes=true, amplified=false, biomeSize=256, biomeSizeVertical=86} => 74
[02:38:07] [Server thread/INFO]: Enforcing safe world random access
[02:38:08] [Server thread/WARN]: Lithium Class Analysis Error: Class org.betterx.bclib.blocks.BaseBlock cannot be analysed, because getting declared methods crashes with NoClassDefFoundError: net/minecraft/class_793. This is usually caused by modded entities declaring methods that have a return type or parameter type that is annotated with @Environment(value=EnvType.CLIENT). Loading the type is not possible, because it only exists in the CLIENT environment. The recommended fix is to annotate the method with this argument or return type with the same annotation. Lithium handles this error by assuming the class cannot be included in some optimizations.
[02:38:08] [Server thread/WARN]: Lithium Class Analysis Error: Class org.betterx.bclib.blocks.BaseBlock cannot be analysed, because getting declared methods crashes with NoClassDefFoundError: net/minecraft/class_793. This is usually caused by modded entities declaring methods that have a return type or parameter type that is annotated with @Environment(value=EnvType.CLIENT). Loading the type is not possible, because it only exists in the CLIENT environment. The recommended fix is to annotate the method with this argument or return type with the same annotation. Lithium handles this error by assuming the class cannot be included in some optimizations.
[02:38:08] [Server thread/WARN]: Lithium Class Analysis Error: Class org.betterx.bclib.blocks.BaseBlock cannot be analysed, because getting declared methods crashes with NoClassDefFoundError: net/minecraft/class_793. This is usually caused by modded entities declaring methods that have a return type or parameter type that is annotated with @Environment(value=EnvType.CLIENT). Loading the type is not possible, because it only exists in the CLIENT environment. The recommended fix is to annotate the method with this argument or return type with the same annotation. Lithium handles this error by assuming the class cannot be included in some optimizations.
[02:38:08] [Server thread/WARN]: Lithium Class Analysis Error: Class org.betterx.bclib.blocks.BaseBlock cannot be analysed, because getting declared methods crashes with NoClassDefFoundError: net/minecraft/class_793. This is usually caused by modded entities declaring methods that have a return type or parameter type that is annotated with @Environment(value=EnvType.CLIENT). Loading the type is not possible, because it only exists in the CLIENT environment. The recommended fix is to annotate the method with this argument or return type with the same annotation. Lithium handles this error by assuming the class cannot be included in some optimizations.
[02:38:08] [Server thread/WARN]: Lithium Class Analysis Error: Class org.betterx.bclib.blocks.BaseBlock cannot be analysed, because getting declared methods crashes with NoClassDefFoundError: net/minecraft/class_793. This is usually caused by modded entities declaring methods that have a return type or parameter type that is annotated with @Environment(value=EnvType.CLIENT). Loading the type is not possible, because it only exists in the CLIENT environment. The recommended fix is to annotate the method with this argument or return type with the same annotation. Lithium handles this error by assuming the class cannot be included in some optimizations.
[02:38:08] [Server thread/WARN]: Lithium Class Analysis Error: Class org.betterx.bclib.blocks.BaseBlock cannot be analysed, because getting declared methods crashes with NoClassDefFoundError: net/minecraft/class_793. This is usually caused by modded entities declaring methods that have a return type or parameter type that is annotated with @Environment(value=EnvType.CLIENT). Loading the type is not possible, because it only exists in the CLIENT environment. The recommended fix is to annotate the method with this argument or return type with the same annotation. Lithium handles this error by assuming the class cannot be included in some optimizations.
[02:38:08] [Server thread/WARN]: Lithium Class Analysis Error: Class org.betterx.bclib.blocks.BaseBlock cannot be analysed, because getting declared methods crashes with NoClassDefFoundError: net/minecraft/class_793. This is usually caused by modded entities declaring methods that have a return type or parameter type that is annotated with @Environment(value=EnvType.CLIENT). Loading the type is not possible, because it only exists in the CLIENT environment. The recommended fix is to annotate the method with this argument or return type with the same annotation. Lithium handles this error by assuming the class cannot be included in some optimizations.
[02:38:08] [Server thread/WARN]: Lithium Class Analysis Error: Class org.betterx.bclib.blocks.BaseBlock cannot be analysed, because getting declared methods crashes with NoClassDefFoundError: net/minecraft/class_793. This is usually caused by modded entities declaring methods that have a return type or parameter type that is annotated with @Environment(value=EnvType.CLIENT). Loading the type is not possible, because it only exists in the CLIENT environment. The recommended fix is to annotate the method with this argument or return type with the same annotation. Lithium handles this error by assuming the class cannot be included in some optimizations.
[02:38:08] [Server thread/WARN]: Lithium Class Analysis Error: Class org.betterx.bclib.blocks.BaseBlock cannot be analysed, because getting declared methods crashes with NoClassDefFoundError: net/minecraft/class_793. This is usually caused by modded entities declaring methods that have a return type or parameter type that is annotated with @Environment(value=EnvType.CLIENT). Loading the type is not possible, because it only exists in the CLIENT environment. The recommended fix is to annotate the method with this argument or return type with the same annotation. Lithium handles this error by assuming the class cannot be included in some optimizations.
[02:38:08] [Server thread/WARN]: Lithium Class Analysis Error: Class org.betterx.bclib.blocks.BaseBlock cannot be analysed, because getting declared methods crashes with NoClassDefFoundError: net/minecraft/class_793. This is usually caused by modded entities declaring methods that have a return type or parameter type that is annotated with @Environment(value=EnvType.CLIENT). Loading the type is not possible, because it only exists in the CLIENT environment. The recommended fix is to annotate the method with this argument or return type with the same annotation. Lithium handles this error by assuming the class cannot be included in some optimizations.
[02:38:08] [Server thread/WARN]: Lithium Class Analysis Error: Class org.betterx.bclib.blocks.BaseBlock cannot be analysed, because getting declared methods crashes with NoClassDefFoundError: net/minecraft/class_793. This is usually caused by modded entities declaring methods that have a return type or parameter type that is annotated with @Environment(value=EnvType.CLIENT). Loading the type is not possible, because it only exists in the CLIENT environment. The recommended fix is to annotate the method with this argument or return type with the same annotation. Lithium handles this error by assuming the class cannot be included in some optimizations.
[02:38:08] [Server thread/WARN]: Lithium Class Analysis Error: Class org.betterx.bclib.blocks.BaseBlock cannot be analysed, because getting declared methods crashes with NoClassDefFoundError: net/minecraft/class_793. This is usually caused by modded entities declaring methods that have a return type or parameter type that is annotated with @Environment(value=EnvType.CLIENT). Loading the type is not possible, because it only exists in the CLIENT environment. The recommended fix is to annotate the method with this argument or return type with the same annotation. Lithium handles this error by assuming the class cannot be included in some optimizations.
[02:38:08] [Server thread/WARN]: Lithium Class Analysis Error: Class org.betterx.bclib.blocks.BaseBlock cannot be analysed, because getting declared methods crashes with NoClassDefFoundError: net/minecraft/class_793. This is usually caused by modded entities declaring methods that have a return type or parameter type that is annotated with @Environment(value=EnvType.CLIENT). Loading the type is not possible, because it only exists in the CLIENT environment. The recommended fix is to annotate the method with this argument or return type with the same annotation. Lithium handles this error by assuming the class cannot be included in some optimizations.
[02:38:08] [Server thread/WARN]: Lithium Class Analysis Error: Class org.betterx.bclib.blocks.BaseBlock cannot be analysed, because getting declared methods crashes with NoClassDefFoundError: net/minecraft/class_793. This is usually caused by modded entities declaring methods that have a return type or parameter type that is annotated with @Environment(value=EnvType.CLIENT). Loading the type is not possible, because it only exists in the CLIENT environment. The recommended fix is to annotate the method with this argument or return type with the same annotation. Lithium handles this error by assuming the class cannot be included in some optimizations.
[02:38:08] [Server thread/WARN]: Lithium Class Analysis Error: Class org.betterx.bclib.blocks.BaseBlock cannot be analysed, because getting declared methods crashes with NoClassDefFoundError: net/minecraft/class_793. This is usually caused by modded entities declaring methods that have a return type or parameter type that is annotated with @Environment(value=EnvType.CLIENT). Loading the type is not possible, because it only exists in the CLIENT environment. The recommended fix is to annotate the method with this argument or return type with the same annotation. Lithium handles this error by assuming the class cannot be included in some optimizations.
[02:38:08] [Server thread/WARN]: Lithium Class Analysis Error: Class org.betterx.bclib.blocks.BaseBlock cannot be analysed, because getting declared methods crashes with NoClassDefFoundError: net/minecraft/class_793. This is usually caused by modded entities declaring methods that have a return type or parameter type that is annotated with @Environment(value=EnvType.CLIENT). Loading the type is not possible, because it only exists in the CLIENT environment. The recommended fix is to annotate the method with this argument or return type with the same annotation. Lithium handles this error by assuming the class cannot be included in some optimizations.
[02:38:08] [Server thread/WARN]: Lithium Class Analysis Error: Class org.betterx.bclib.blocks.BaseBlock cannot be analysed, because getting declared methods crashes with NoClassDefFoundError: net/minecraft/class_793. This is usually caused by modded entities declaring methods that have a return type or parameter type that is annotated with @Environment(value=EnvType.CLIENT). Loading the type is not possible, because it only exists in the CLIENT environment. The recommended fix is to annotate the method with this argument or return type with the same annotation. Lithium handles this error by assuming the class cannot be included in some optimizations.
[02:38:08] [Server thread/WARN]: Lithium Class Analysis Error: Class org.betterx.bclib.blocks.BaseBlock cannot be analysed, because getting declared methods crashes with NoClassDefFoundError: net/minecraft/class_793. This is usually caused by modded entities declaring methods that have a return type or parameter type that is annotated with @Environment(value=EnvType.CLIENT). Loading the type is not possible, because it only exists in the CLIENT environment. The recommended fix is to annotate the method with this argument or return type with the same annotation. Lithium handles this error by assuming the class cannot be included in some optimizations.
[02:38:08] [Server thread/WARN]: Lithium Class Analysis Error: Class org.betterx.bclib.blocks.BaseBlock cannot be analysed, because getting declared methods crashes with NoClassDefFoundError: net/minecraft/class_793. This is usually caused by modded entities declaring methods that have a return type or parameter type that is annotated with @Environment(value=EnvType.CLIENT). Loading the type is not possible, because it only exists in the CLIENT environment. The recommended fix is to annotate the method with this argument or return type with the same annotation. Lithium handles this error by assuming the class cannot be included in some optimizations.
[02:38:08] [Server thread/WARN]: Lithium Class Analysis Error: Class org.betterx.bclib.blocks.BaseBlock cannot be analysed, because getting declared methods crashes with NoClassDefFoundError: net/minecraft/class_793. This is usually caused by modded entities declaring methods that have a return type or parameter type that is annotated with @Environment(value=EnvType.CLIENT). Loading the type is not possible, because it only exists in the CLIENT environment. The recommended fix is to annotate the method with this argument or return type with the same annotation. Lithium handles this error by assuming the class cannot be included in some optimizations.
[02:38:08] [Server thread/WARN]: Lithium Class Analysis Error: Class org.betterx.bclib.blocks.BaseBlock cannot be analysed, because getting declared methods crashes with NoClassDefFoundError: net/minecraft/class_793. This is usually caused by modded entities declaring methods that have a return type or parameter type that is annotated with @Environment(value=EnvType.CLIENT). Loading the type is not possible, because it only exists in the CLIENT environment. The recommended fix is to annotate the method with this argument or return type with the same annotation. Lithium handles this error by assuming the class cannot be included in some optimizations.
[02:38:08] [Server thread/WARN]: Lithium Class Analysis Error: Class org.betterx.bclib.blocks.BaseBlock cannot be analysed, because getting declared methods crashes with NoClassDefFoundError: net/minecraft/class_793. This is usually caused by modded entities declaring methods that have a return type or parameter type that is annotated with @Environment(value=EnvType.CLIENT). Loading the type is not possible, because it only exists in the CLIENT environment. The recommended fix is to annotate the method with this argument or return type with the same annotation. Lithium handles this error by assuming the class cannot be included in some optimizations.
[02:38:08] [Server thread/WARN]: Lithium Class Analysis Error: Class org.betterx.bclib.blocks.BaseBlock cannot be analysed, because getting declared methods crashes with NoClassDefFoundError: net/minecraft/class_793. This is usually caused by modded entities declaring methods that have a return type or parameter type that is annotated with @Environment(value=EnvType.CLIENT). Loading the type is not possible, because it only exists in the CLIENT environment. The recommended fix is to annotate the method with this argument or return type with the same annotation. Lithium handles this error by assuming the class cannot be included in some optimizations.
[02:38:08] [Server thread/WARN]: Lithium Class Analysis Error: Class org.betterx.bclib.blocks.BaseBlock cannot be analysed, because getting declared methods crashes with NoClassDefFoundError: net/minecraft/class_793. This is usually caused by modded entities declaring methods that have a return type or parameter type that is annotated with @Environment(value=EnvType.CLIENT). Loading the type is not possible, because it only exists in the CLIENT environment. The recommended fix is to annotate the method with this argument or return type with the same annotation. Lithium handles this error by assuming the class cannot be included in some optimizations.
[02:38:08] [Server thread/WARN]: Lithium Class Analysis Error: Class org.betterx.bclib.blocks.BaseBlock cannot be analysed, because getting declared methods crashes with NoClassDefFoundError: net/minecraft/class_793. This is usually caused by modded entities declaring methods that have a return type or parameter type that is annotated with @Environment(value=EnvType.CLIENT). Loading the type is not possible, because it only exists in the CLIENT environment. The recommended fix is to annotate the method with this argument or return type with the same annotation. Lithium handles this error by assuming the class cannot be included in some optimizations.
[02:38:08] [Server thread/WARN]: Lithium Class Analysis Error: Class org.betterx.bclib.blocks.BaseBlock cannot be analysed, because getting declared methods crashes with NoClassDefFoundError: net/minecraft/class_793. This is usually caused by modded entities declaring methods that have a return type or parameter type that is annotated with @Environment(value=EnvType.CLIENT). Loading the type is not possible, because it only exists in the CLIENT environment. The recommended fix is to annotate the method with this argument or return type with the same annotation. Lithium handles this error by assuming the class cannot be included in some optimizations.
[02:38:08] [Server thread/WARN]: Lithium Class Analysis Error: Class org.betterx.bclib.blocks.BaseBlock cannot be analysed, because getting declared methods crashes with NoClassDefFoundError: net/minecraft/class_793. This is usually caused by modded entities declaring methods that have a return type or parameter type that is annotated with @Environment(value=EnvType.CLIENT). Loading the type is not possible, because it only exists in the CLIENT environment. The recommended fix is to annotate the method with this argument or return type with the same annotation. Lithium handles this error by assuming the class cannot be included in some optimizations.
[02:38:08] [Server thread/WARN]: Lithium Class Analysis Error: Class org.betterx.bclib.blocks.BaseBlock cannot be analysed, because getting declared methods crashes with NoClassDefFoundError: net/minecraft/class_793. This is usually caused by modded entities declaring methods that have a return type or parameter type that is annotated with @Environment(value=EnvType.CLIENT). Loading the type is not possible, because it only exists in the CLIENT environment. The recommended fix is to annotate the method with this argument or return type with the same annotation. Lithium handles this error by assuming the class cannot be included in some optimizations.
[02:38:08] [Server thread/WARN]: Lithium Class Analysis Error: Class org.betterx.bclib.blocks.BaseLeavesBlock cannot be analysed, because getting declared methods crashes with NoClassDefFoundError: net/minecraft/class_793. This is usually caused by modded entities declaring methods that have a return type or parameter type that is annotated with @Environment(value=EnvType.CLIENT). Loading the type is not possible, because it only exists in the CLIENT environment. The recommended fix is to annotate the method with this argument or return type with the same annotation. Lithium handles this error by assuming the class cannot be included in some optimizations.
[02:38:08] [Server thread/WARN]: Lithium Class Analysis Error: Class org.betterx.bclib.blocks.BaseLeavesBlock cannot be analysed, because getting declared methods crashes with NoClassDefFoundError: net/minecraft/class_793. This is usually caused by modded entities declaring methods that have a return type or parameter type that is annotated with @Environment(value=EnvType.CLIENT). Loading the type is not possible, because it only exists in the CLIENT environment. The recommended fix is to annotate the method with this argument or return type with the same annotation. Lithium handles this error by assuming the class cannot be included in some optimizations.
[02:38:08] [Server thread/WARN]: Lithium Class Analysis Error: Class org.betterx.bclib.blocks.BaseLeavesBlock cannot be analysed, because getting declared methods crashes with NoClassDefFoundError: net/minecraft/class_793. This is usually caused by modded entities declaring methods that have a return type or parameter type that is annotated with @Environment(value=EnvType.CLIENT). Loading the type is not possible, because it only exists in the CLIENT environment. The recommended fix is to annotate the method with this argument or return type with the same annotation. Lithium handles this error by assuming the class cannot be included in some optimizations.
[02:38:08] [Server thread/WARN]: Lithium Class Analysis Error: Class org.betterx.bclib.blocks.BaseLeavesBlock cannot be analysed, because getting declared methods crashes with NoClassDefFoundError: net/minecraft/class_793. This is usually caused by modded entities declaring methods that have a return type or parameter type that is annotated with @Environment(value=EnvType.CLIENT). Loading the type is not possible, because it only exists in the CLIENT environment. The recommended fix is to annotate the method with this argument or return type with the same annotation. Lithium handles this error by assuming the class cannot be included in some optimizations.
[02:38:08] [Server thread/WARN]: Lithium Class Analysis Error: Class org.betterx.bclib.blocks.BaseLeavesBlock cannot be analysed, because getting declared methods crashes with NoClassDefFoundError: net/minecraft/class_793. This is usually caused by modded entities declaring methods that have a return type or parameter type that is annotated with @Environment(value=EnvType.CLIENT). Loading the type is not possible, because it only exists in the CLIENT environment. The recommended fix is to annotate the method with this argument or return type with the same annotation. Lithium handles this error by assuming the class cannot be included in some optimizations.
[02:38:08] [Server thread/WARN]: Lithium Class Analysis Error: Class org.betterx.bclib.blocks.BaseLeavesBlock cannot be analysed, because getting declared methods crashes with NoClassDefFoundError: net/minecraft/class_793. This is usually caused by modded entities declaring methods that have a return type or parameter type that is annotated with @Environment(value=EnvType.CLIENT). Loading the type is not possible, because it only exists in the CLIENT environment. The recommended fix is to annotate the method with this argument or return type with the same annotation. Lithium handles this error by assuming the class cannot be included in some optimizations.
[02:38:08] [Server thread/WARN]: Lithium Class Analysis Error: Class org.betterx.bclib.blocks.BaseBlock cannot be analysed, because getting declared methods crashes with NoClassDefFoundError: net/minecraft/class_793. This is usually caused by modded entities declaring methods that have a return type or parameter type that is annotated with @Environment(value=EnvType.CLIENT). Loading the type is not possible, because it only exists in the CLIENT environment. The recommended fix is to annotate the method with this argument or return type with the same annotation. Lithium handles this error by assuming the class cannot be included in some optimizations.
[02:38:08] [Server thread/WARN]: Lithium Class Analysis Error: Class org.betterx.bclib.blocks.BaseBlock cannot be analysed, because getting declared methods crashes with NoClassDefFoundError: net/minecraft/class_793. This is usually caused by modded entities declaring methods that have a return type or parameter type that is annotated with @Environment(value=EnvType.CLIENT). Loading the type is not possible, because it only exists in the CLIENT environment. The recommended fix is to annotate the method with this argument or return type with the same annotation. Lithium handles this error by assuming the class cannot be included in some optimizations.
[02:38:08] [Server thread/INFO]: Ignoring world 'minecells:prison'; unknown dimension type: minecells:prison
[02:38:08] [Server thread/INFO]: Ignoring world 'the_bumblezone:the_bumblezone'; unknown dimension type: the_bumblezone:the_bumblezone
[02:38:08] [Server thread/INFO]: Ignoring world 'ad_astra:moon'; unknown dimension type: ad_astra:moon
[02:38:08] [Server thread/INFO]: Ignoring world 'graveyard:past'; unknown dimension type: graveyard:past
[02:38:08] [Server thread/INFO]: Ignoring world 'ad_astra:moon_orbit'; unknown dimension type: ad_astra:moon_orbit
[02:38:08] [Server thread/INFO]: Ignoring world 'minecells:insufferable_crypt'; unknown dimension type: minecells:prison
[02:38:08] [Server thread/INFO]: Ignoring world 'ad_astra:mercury_orbit'; unknown dimension type: ad_astra:mercury_orbit
[02:38:08] [Server thread/INFO]: Ignoring world 'spellbladenext:glassocean'; unknown dimension type: spellbladenext:glassocean
[02:38:08] [Server thread/INFO]: Ignoring world 'ad_astra:venus_orbit'; unknown dimension type: ad_astra:venus_orbit
[02:38:08] [Server thread/INFO]: Ignoring world 'deeperdarker:otherside'; unknown dimension type: deeperdarker:otherside
[02:38:08] [Server thread/INFO]: Ignoring world 'prominent:cinderstone_depths'; unknown dimension type: prominent:cinderstone_depths
[02:38:08] [Server thread/INFO]: Ignoring world 'minecells:promenade'; unknown dimension type: minecells:promenade
[02:38:08] [Server thread/INFO]: Ignoring world 'minecells:ramparts'; unknown dimension type: minecells:ramparts
[02:38:08] [Server thread/INFO]: Ignoring world 'minecells:black_bridge'; unknown dimension type: minecells:black_bridge
[02:38:08] [Server thread/INFO]: Ignoring world 'ad_astra:earth_orbit'; unknown dimension type: ad_astra:earth_orbit
[02:38:08] [Server thread/INFO]: Ignoring world 'ad_astra:mars_orbit'; unknown dimension type: ad_astra:mars_orbit
[02:38:08] [Server thread/INFO]: Ignoring world 'prominent:vaaz_volcano'; unknown dimension type: prominent:cinderstone_depths
[02:38:08] [Server thread/INFO]: Ignoring world 'ad_astra:mars'; unknown dimension type: ad_astra:mars
[02:38:08] [Server thread/INFO]: Ignoring world 'ad_astra:glacio'; unknown dimension type: ad_astra:glacio
[02:38:08] [Server thread/INFO]: Ignoring world 'ad_astra:glacio_orbit'; unknown dimension type: ad_astra:glacio_orbit
[02:38:08] [Server thread/INFO]: Ignoring world 'ad_astra:venus'; unknown dimension type: ad_astra:venus
[02:38:08] [Server thread/INFO]: Ignoring world 'ad_astra:mercury'; unknown dimension type: ad_astra:mercury
[02:38:08] [Server thread/INFO]: Ignoring world 'ae2:spatial_storage'; unknown dimension type: ae2:spatial_storage
[02:38:08] [Server thread/INFO]: Loading dimension "minecraft:the_nether" with biome source: "bclib:nether_biome_source".
[02:38:08] [Server thread/WARN]: Non-unique structure_set salt:0 potentially creating overlapping structures detected. Structure sets: [minecraft:mineshafts, minecraft:strongholds, minecraft:buried_treasures]
[02:38:08] [Server thread/WARN]: Non-unique structure_set salt:784827271 potentially creating overlapping structures detected. Structure sets: [betterfortresses:fortress, betteroceanmonuments:ocean_monument]
[02:38:08] [Server thread/WARN]: Non-unique structure_set salt:265792644 potentially creating overlapping structures detected. Structure sets: [philipsruins:ancient_crypt, philipsruins:end_ruins]
[02:38:08] [Server thread/WARN]: Non-unique structure_set salt:10387313 potentially creating overlapping structures detected. Structure sets: [minecraft:ocean_monuments, minecraft:end_cities]
[02:38:08] [Server thread/WARN]: Non-unique structure_set salt:499672 potentially creating overlapping structures detected. Structure sets: [bosses_of_mass_destruction:obsidilith_arena, bosses_of_mass_destruction:gauntlet_arena]
[02:38:08] [Server thread/WARN]: Non-unique structure_set salt:1646207470 potentially creating overlapping structures detected. Structure sets: [mobs_of_mythology:automaton_structure, soulsweapons:overworld_structures]
[02:38:08] [Server thread/WARN]: Non-unique structure_set salt:14357620 potentially creating overlapping structures detected. Structure sets: [minecraft:swamp_huts, promenade:witch_huts]
[02:38:08] [Server thread/WARN]: Non-unique structure_set salt:2043237655 potentially creating overlapping structures detected. Structure sets: [minecells:prison, minecells:promenade_wall_z, minecells:promenade_wall_x, minecells:insufferable_crypt, minecells:black_bridge, minecells:overworld_portal, minecells:ramparts]
[02:38:08] [Server thread/WARN]: Non-unique structure_set salt:598017285 potentially creating overlapping structures detected. Structure sets: [graveyard:small_desert_graveyard_structure, graveyard:small_graveyard_structure]
[02:38:08] [Server thread/INFO]: Preparing start region for dimension minecraft:overworld
[02:38:08] [Server thread/WARN]: Method overwrite conflict for removeIf in modernfix-common.mixins.json:bugfix.paper_chunk_patches.SortedArraySetMixin from mod modernfix, previously written by me.jellysquid.mods.lithium.mixin.world.chunk_tickets.SortedArraySetMixin. Skipping method.
[02:38:10] [Server thread/WARN]: @Redirect conflict. Skipping mixins.redirected_fabric_1.20.1.json:net.minecraft.world.level.block.piston.PistonStructureResolverMixin from mod redirected->@Redirect::redirectDirections()[Lnet/minecraft/class_2350; with priority 10, already redirected by lithium.mixins.json:alloc.enum_values.piston_handler.PistonHandlerMixin from mod lithium->@Redirect::removeAllocation()[Lnet/minecraft/class_2350; with priority 1000
[02:38:10] [Server thread/INFO]: Preparing spawn area: 0%
[02:38:10] [Server thread/INFO]: Preparing spawn area: 0%
[02:38:10] [Server thread/INFO]: Preparing spawn area: 0%
[02:38:10] [Server thread/INFO]: Preparing spawn area: 0%
[02:38:10] [Server thread/INFO]: Preparing spawn area: 0%
[02:38:11] [Server thread/INFO]: Preparing spawn area: 0%
[02:38:11] [Server thread/WARN]: Method overwrite conflict for computeValue in spellbladenext.mixins.json:AttributeMixin from mod spellbladenext, previously written by com.extraspellattributes.mixin.AttributeMixin. Skipping method.
[02:38:11] [Server thread/WARN]: Method overwrite conflict for computeAdded in spellbladenext.mixins.json:AttributeMixin from mod spellbladenext, previously written by com.extraspellattributes.mixin.AttributeMixin. Skipping method.
[02:38:12] [Server thread/INFO]: Time elapsed: 3613 ms
[02:38:12] [Server thread/INFO]: Done (4.966s)! For help, type "help"
[02:38:12] [Server thread/WARN]: Dedicated server took 68.974 seconds to load
[02:38:12] [Server thread/ERROR]: Couldn't load the given entries within tag alloy_forgery:blacklisted_blasting_recipes: minecraft:coal_from_blasting_coal_ore (from fabric), minecraft:coal_from_blasting_deepslate_coal_ore (from fabric)
[02:38:12] [Server thread/INFO]: Loading quests from /workspaces/elpepe/servidor_minecraft/config/ftbquests/quests
[02:38:12] [Server thread/INFO]: Loaded 8 chapter groups, 36 chapters, 1474 quests, 10 reward tables
[02:38:12] [Server thread/INFO]: Encoded Weapon Attribute registry size (with package overhead): 410516 bytes (in 42 string chunks with the size of 10000)
[02:38:12] [Server thread/INFO]: Loaded config for: connectivity.json
[02:38:12] [Server thread/INFO]: Loaded config for: dragonfight.json
[02:38:12] [Server thread/INFO]: Loaded config for: smoothchunk.json
[02:38:12] [Server thread/INFO]: [STDOUT]: PREPARING FOR RELOAD
[02:38:12] [Server thread/INFO]: Start loading plugin from Applied Energistics 2
[02:38:12] [Server thread/INFO]: Start loading plugin from Balm
[02:38:12] [Server thread/INFO]: Start loading plugin from ExtendedAE
[02:38:12] [Server thread/INFO]: Start loading plugin from Jade
[02:38:12] [Server thread/INFO]: Start loading plugin from Jade
[02:38:12] [Server thread/INFO]: Start loading plugin from Jade
[02:38:12] [Server thread/INFO]: Start loading plugin from Supplementaries
[02:38:12] [Server thread/INFO]: Start loading plugin from HT's TreeChop
[02:38:12] [Server thread/INFO]: Start loading plugin from Zenith
[02:38:12] [Server thread/INFO]: Start loading plugin from Zenith
[02:38:12] [Server thread/INFO]: Start loading plugin from Zenith
[02:38:13] [Server thread/INFO]: Loaded 0 items attribute modifier(s)
[02:38:13] [Server thread/INFO]: (Re-)initialised bulk cell compression.
[02:38:13] [Server thread/INFO]: Loaded values for 144 compatible attributes.
[02:38:13] [Server thread/ERROR]: Attribute ID 'puffish_skills:player.ranged_damage' does not belong to a known attribute. This entry will be ignored.
[02:38:13] [Server thread/ERROR]: Attribute ID 'spellbladenext:converttofire' does not belong to a known attribute. This entry will be ignored.
[02:38:13] [Server thread/ERROR]: Attribute ID 'spellbladenext:converttoarcane' does not belong to a known attribute. This entry will be ignored.
[02:38:13] [Server thread/ERROR]: Attribute ID 'puffish_skills:player.fortune' does not belong to a known attribute. This entry will be ignored.
[02:38:13] [Server thread/ERROR]: Attribute ID 'spellbladenext:warding' does not belong to a known attribute. This entry will be ignored.
[02:38:13] [Server thread/ERROR]: Attribute ID 'additionalentityattributes:dig_speed' does not belong to a known attribute. This entry will be ignored.
[02:38:13] [Server thread/ERROR]: Attribute ID 'spellbladenext:convertfromfrost' does not belong to a known attribute. This entry will be ignored.
[02:38:13] [Server thread/ERROR]: Attribute ID 'additionalentityattributes:water_visibility' does not belong to a known attribute. This entry will be ignored.
[02:38:13] [Server thread/ERROR]: Attribute ID 'minecraft:estrogen.boob_initial_size' does not belong to a known attribute. This entry will be ignored.
[02:38:13] [Server thread/ERROR]: Attribute ID 'additionalentityattributes:critical_bonus_damage' does not belong to a known attribute. This entry will be ignored.
[02:38:13] [Server thread/ERROR]: Attribute ID 'spellbladenext:convertfromarcane' does not belong to a known attribute. This entry will be ignored.
[02:38:13] [Server thread/ERROR]: Attribute ID 'spellbladenext:convertfromfire' does not belong to a known attribute. This entry will be ignored.
[02:38:13] [Server thread/ERROR]: Attribute ID 'prominent:ekavar_phase' does not belong to a known attribute. This entry will be ignored.
[02:38:13] [Server thread/ERROR]: Attribute ID 'puffish_skills:player.knockback' does not belong to a known attribute. This entry will be ignored.
[02:38:13] [Server thread/ERROR]: Attribute ID 'additionalentityattributes:dropped_experience' does not belong to a known attribute. This entry will be ignored.
[02:38:13] [Server thread/ERROR]: Attribute ID 'minecraft:estrogen.boob_growing_start_time' does not belong to a known attribute. This entry will be ignored.
[02:38:13] [Server thread/ERROR]: Attribute ID 'additionalentityattributes:lava_visibility' does not belong to a known attribute. This entry will be ignored.
[02:38:13] [Server thread/ERROR]: Attribute ID 'death_knights:unholy' does not belong to a known attribute. This entry will be ignored.
[02:38:13] [Server thread/ERROR]: Attribute ID 'puffish_skills:player.mining_speed' does not belong to a known attribute. This entry will be ignored.
[02:38:13] [Server thread/ERROR]: Attribute ID 'additionalentityattributes:water_speed' does not belong to a known attribute. This entry will be ignored.
[02:38:13] [Server thread/ERROR]: Attribute ID 'minecraft:estrogen.dash_level' does not belong to a known attribute. This entry will be ignored.
[02:38:13] [Server thread/ERROR]: Attribute ID 'puffish_skills:player.jump' does not belong to a known attribute. This entry will be ignored.
[02:38:13] [Server thread/ERROR]: Attribute ID 'additionalentityattributes:magic_protection' does not belong to a known attribute. This entry will be ignored.
[02:38:13] [Server thread/ERROR]: Attribute ID 'additionalentityattributes:bonus_loot_count_rolls' does not belong to a known attribute. This entry will be ignored.
[02:38:13] [Server thread/ERROR]: Attribute ID 'additionalentityattributes:lung_capacity' does not belong to a known attribute. This entry will be ignored.
[02:38:13] [Server thread/ERROR]: Attribute ID 'puffish_skills:player.resistance' does not belong to a known attribute. This entry will be ignored.
[02:38:13] [Server thread/ERROR]: Attribute ID 'death_knights:blood' does not belong to a known attribute. This entry will be ignored.
[02:38:13] [Server thread/ERROR]: Attribute ID 'spellbladenext:converttofrost' does not belong to a known attribute. This entry will be ignored.
[02:38:13] [Server thread/ERROR]: Attribute ID 'puffish_skills:player.stamina' does not belong to a known attribute. This entry will be ignored.
[02:38:13] [Server thread/ERROR]: Attribute ID 'puffish_skills:player.healing' does not belong to a known attribute. This entry will be ignored.
[02:38:13] [Server thread/ERROR]: Attribute ID 'puffish_skills:player.sprinting_speed' does not belong to a known attribute. This entry will be ignored.
[02:38:13] [Server thread/ERROR]: Attribute ID 'puffish_skills:player.melee_damage' does not belong to a known attribute. This entry will be ignored.
[02:38:13] [Server thread/ERROR]: Attribute ID 'spellbladenext:converttoheal' does not belong to a known attribute. This entry will be ignored.
[02:38:13] [Server thread/ERROR]: Attribute ID 'additionalentityattributes:lava_speed' does not belong to a known attribute. This entry will be ignored.
[02:38:13] [Server thread/ERROR]: Attribute ID 'additionalentityattributes:bonus_rare_loot_rolls' does not belong to a known attribute. This entry will be ignored.
[02:38:13] [Server thread/ERROR]: Attribute ID 'minecraft:estrogen.current_dashes' does not belong to a known attribute. This entry will be ignored.
[02:38:13] [Server thread/INFO]: Loaded 194 values from config.
[02:38:13] [Server thread/INFO]: Saving config file. 194 entries.
[02:38:13] [Server thread/INFO]: Applying changes for 194 attributes.
[02:38:13] [Server thread/INFO]: Loading claims...
[02:38:13] [Server thread/INFO]: Loaded claims in 6ms
[02:38:13] [Server thread/WARN]: The configured permission system "prometheus" isn't registered!
[02:38:13] [Server thread/INFO]: Configured OPAC to use the following permission system: permission_api
[02:38:13] [Server thread/WARN]: The configured primary party system "argonauts_guilds" isn't registered!
[02:38:13] [Server thread/INFO]: Configured OPAC to use the following party system as primary: default
[02:38:13] [Server thread/INFO]: Registered synced player tracker system: ftb_teams
[02:38:13] [Server thread/INFO]: Registered synced player tracker system: ftb_teams
[02:38:13] [Server thread/INFO]: Auto report config loaded for mod: "copycats"
[02:38:13] [Server thread/INFO]: Auto report config loaded for mod: "the_bumblezone"
[02:38:13] [Server thread/INFO]: Blacklist loaded for namespace: "the_bumblezone"
[02:38:13] [Server thread/INFO]: Mixing common.MixinServerStatus from mixins/common/nochatreports.mixins.json into net.minecraft.class_2926
[02:38:13] [Server thread/INFO]: Loading Xaero's Minimap - Stage 2/2 (Server)
[02:38:13] [Server thread/INFO]: Loading Xaero's World Map - Stage 2/2 (Server)
[02:38:15] [Server thread/WARN]: UUID of added entity already exists: class_1451['Cat'/18, l='ServerLevel[world]', x=-15.99, y=62.26, z=19.68]
[02:38:15] [Server thread/WARN]: UUID of added entity already exists: GlareEntity['Glare'/84, l='ServerLevel[world]', x=36.16, y=-29.37, z=145.56]
[02:38:15] [Server thread/WARN]: Can't keep up! Is the server overloaded? Running 3414ms or 68 ticks behind
[02:38:24] [Netty Epoll Server IO #1/WARN]: @ModifyConstant conflict. Skipping packetfixer.v1_19_3.fabric.mixins.json:v1_19_3_fabric.PacketEncoderMixin from mod packetfixer->@ModifyConstant::packetfixer$newSize(I)I with priority 1000, already redirected by connectivity.mixins.json:PacketEncoderMixin from mod connectivity->@ModifyConstant::modifyLimit(ILio/netty/channel/ChannelHandlerContext;Lnet/minecraft/class_2596;Lio/netty/buffer/ByteBuf;)I with priority 1000
[02:38:24] [Netty Epoll Server IO #1/INFO]: Mixing server.MixinServerboundChatCommandPacket from mixins/common/nochatreports.mixins.json into net.minecraft.class_7472
[02:38:24] [Netty Epoll Server IO #1/INFO]: Mixing server.MixinServerboundChatPacket from mixins/common/nochatreports.mixins.json into net.minecraft.class_2797
[02:38:24] [Netty Epoll Server IO #1/INFO]: Mixing server.MixinServerboundChatSessionUpdatePacket from mixins/common/nochatreports.mixins.json into net.minecraft.class_7861
[02:38:27] [Server thread/INFO]: [Handshake] Sending channel query
[02:38:27] [Netty Epoll Server IO #2/INFO]: [Handshake] Receiving client channels
[02:38:27] [Netty Epoll Server IO #2/INFO]: [Handshake] Handshake completed successfully
[02:38:27] [Server thread/INFO]: Panzther[/127.160.18.152:45335] logged in with entity id 162 at (-1370.218111142864, 80.0, 784.0665028103421)
[02:38:28] [Server thread/INFO]: Sending server config values to client
[02:38:28] [Server thread/INFO]: Syncing config to Panzther (237ad757-5098-3f55-b304-be405dd2e4b9)
[02:38:29] [Server thread/INFO]: Loading config from file...
[02:38:30] [Server thread/INFO]: [STDOUT]: Splitting recipes into 10 packets
[02:38:30] [Server thread/INFO]: [betternether] Freeze Registry[ResourceKey[minecraft:root / worlds_together:worldgen/betterx/surface_rules] (Stable)]
[02:38:30] [Server thread/INFO]: Panzther joined the game
[02:38:30] [Server thread/INFO]: Loading Configs for Sortilege
[02:38:30] [Server thread/INFO]: Couldn't find config value for path : "[enchantments, enchant_catalyst, show_in_tooltip]", defaulting to true
[02:38:30] [Server thread/INFO]: Couldn't find config value for path : "[enchantments, enabled_enchants]", defaulting to {}
[02:38:30] [Server thread/INFO]: Couldn't find config value for path : "[death, xp_keeping, stolen_xp_data]", defaulting to 41
[02:38:30] [Server thread/INFO]: Couldn't find config value for path : "[death, glowing_killer]", defaulting to true
[02:38:30] [Netty Epoll Server IO #2/INFO]: Receiving client config
[02:38:30] [Server thread/INFO]: Updating all forceload tickets for 237ad757-5098-3f55-b304-be405dd2e4b9
[02:38:30] [Server thread/INFO]: PLAYER_JOIN
[02:38:30] [Server thread/INFO]: add_player wand
[02:38:30] [Server thread/INFO]: config sent
[02:38:32] [Netty Epoll Server IO #2/INFO]: Channel update: Panzther -> default
[02:38:32] [Netty Epoll Server IO #2/INFO]: Priority overwritten for player Panzther. Claiming: GRAVE / Robbing: INVENTORY
[02:38:33] [Netty Epoll Server IO #2/INFO]: [do_a_barrel_roll] Client of Panzther accepted server config.
[02:38:34] [Server thread/WARN]: UUID of added entity already exists: class_1613['Skeleton'/230, l='ServerLevel[world]', x=-1376.52, y=64.00, z=768.73]
[02:38:35] [Server thread/WARN]: UUID of added entity already exists: class_1613['Skeleton'/287, l='ServerLevel[world]', x=-1323.50, y=2.00, z=719.95]
[02:38:35] [Server thread/WARN]: UUID of added entity already exists: class_1642['Zombie'/304, l='ServerLevel[world]', x=-1292.46, y=71.00, z=824.82]
[02:38:37] [Server thread/WARN]: UUID of added entity already exists: Butterfly['Butterfly'/319, l='ServerLevel[world]', x=-1460.61, y=56.36, z=735.76]
[02:38:37] [Server thread/WARN]: Can't keep up! Is the server overloaded? Running 6634ms or 132 ticks behind
[02:38:38] [Server thread/WARN]: UUID of added entity already exists: class_1646['Marybelle'/349, l='ServerLevel[world]', x=-1425.07, y=82.00, z=673.76]
[02:38:39] [Server thread/WARN]: UUID of added entity already exists: class_1646['Sergio'/351, l='ServerLevel[world]', x=-1475.69, y=69.56, z=692.50]
[02:38:41] [Server thread/WARN]: UUID of added entity already exists: DuckEntity['Duck'/370, l='ServerLevel[world]', x=-1488.84, y=70.00, z=853.85]
[02:38:41] [Server thread/WARN]: UUID of added entity already exists: DuckEntity['Duck'/371, l='ServerLevel[world]', x=-1489.88, y=70.00, z=854.92]
[02:38:44] [Server thread/WARN]: UUID of added entity already exists: Bird['Sparrow'/380, l='ServerLevel[world]', x=-1227.64, y=64.00, z=828.39]
[02:38:44] [Server thread/WARN]: UUID of added entity already exists: class_1560['Enderman'/386, l='ServerLevel[world]', x=-1322.36, y=65.00, z=647.50]
[02:38:56] [Server thread/WARN]: Can't keep up! Is the server overloaded? Running 4264ms or 85 ticks behind
[02:39:42] [Server thread/INFO]: [STDOUT]: Finalizing fluid block registration
[02:39:42] [Server thread/INFO]: [STDOUT]: Finalizing energy block registration
[02:42:45] [Server thread/INFO]: [Handshake] Sending channel query
[02:42:45] [Netty Epoll Server IO #4/INFO]: [Handshake] Receiving client channels
[02:42:45] [Netty Epoll Server IO #4/INFO]: [Handshake] Handshake completed successfully
[02:42:45] [Server thread/INFO]: Santinator[/127.15.131.69:55711] logged in with entity id 835 at (-1369.4019260405305, 80.0, 782.2305837709159)
[02:42:45] [Server thread/INFO]: Sending server config values to client
[02:42:45] [Server thread/INFO]: Syncing config to Santinator (80c7a644-5046-3678-845d-b95f7daa182a)
[02:42:45] [Server thread/INFO]: Loading config from file...
[02:42:46] [Server thread/INFO]: [STDOUT]: Splitting recipes into 10 packets
[02:42:46] [Server thread/INFO]: [betternether] Freeze Registry[ResourceKey[minecraft:root / worlds_together:worldgen/betterx/surface_rules] (Stable)]
[02:42:46] [Server thread/INFO]: Santinator joined the game
[02:42:46] [Server thread/INFO]: Loading Configs for Sortilege
[02:42:46] [Server thread/INFO]: Couldn't find config value for path : "[enchantments, enchant_catalyst, show_in_tooltip]", defaulting to true
[02:42:46] [Server thread/INFO]: Couldn't find config value for path : "[enchantments, enabled_enchants]", defaulting to {}
[02:42:46] [Server thread/INFO]: Couldn't find config value for path : "[death, xp_keeping, stolen_xp_data]", defaulting to 41
[02:42:46] [Server thread/INFO]: Couldn't find config value for path : "[death, glowing_killer]", defaulting to true
[02:42:46] [Server thread/INFO]: Updating all forceload tickets for 80c7a644-5046-3678-845d-b95f7daa182a
[02:42:46] [Server thread/INFO]: PLAYER_JOIN
[02:42:46] [Server thread/INFO]: add_player wand
[02:42:46] [Server thread/INFO]: config sent
[02:42:47] [Netty Epoll Server IO #4/INFO]: Receiving client config
[02:42:49] [Netty Epoll Server IO #4/INFO]: Channel update: Santinator -> default
[02:42:49] [Netty Epoll Server IO #4/INFO]: Priority overwritten for player Santinator. Claiming: GRAVE / Robbing: INVENTORY
[02:42:50] [Netty Epoll Server IO #4/INFO]: [do_a_barrel_roll] Client of Santinator accepted server config.
[02:43:41] [Server thread/INFO]: [STDOUT]: Finalizing energy item registration
[02:45:10] [Server thread/INFO]: Panzther has made the advancement [Listen Close]
[02:46:53] [Server thread/INFO]: <Santinator> QUE VIVA EL AMOOOOOOOOOOOOOOOOOOOOOOR
[02:50:56] [Server thread/WARN]: Can't keep up! Is the server overloaded? Running 2007ms or 40 ticks behind
[02:58:00] [Server thread/INFO]: [Server] se cerró?
[02:58:11] [Server thread/INFO]: <Santinator> por ahora no
[02:58:14] [Server thread/INFO]: [Server] okay
[03:05:48] [Server thread/WARN]: Can't keep up! Is the server overloaded? Running 2003ms or 40 ticks behind
[03:07:28] [Server thread/INFO]: [Server] hola
[03:07:40] [Server thread/INFO]: <Panzther> entre
[03:07:45] [Server thread/INFO]: [Server] ya casi acabo
[03:07:49] [Server thread/INFO]: <Santinator> LEGUE EN VEZ DE ANDAR HABLANDOOOOOOOOOOO
[03:15:25] [Server thread/INFO]: Panzther has made the advancement [Ardent Defender]
[03:15:25] [Server thread/INFO]: [STDOUT]: Triggering advancement SpellBindingCriteria.INSTANCE poolId: paladins:paladin isComplete: false
[03:16:26] [Server thread/INFO]: Panzther has made the advancement [What a Deal!]
[03:17:28] [Server thread/WARN]: Can't keep up! Is the server overloaded? Running 2016ms or 40 ticks behind
[03:17:37] [Server thread/INFO]: Unknown or incomplete command, see below for error
[03:17:37] [Server thread/INFO]: <--[HERE]
[03:17:41] [Server thread/INFO]: [Server] hola
[03:17:46] [Server thread/INFO]: [Server] ahi voy
[03:18:50] [Server thread/INFO]: <Santinator> llegue
[03:20:01] [Server thread/INFO]: [Handshake] Sending channel query
[03:20:01] [Netty Epoll Server IO #5/INFO]: [Handshake] Receiving client channels
[03:20:01] [Netty Epoll Server IO #5/INFO]: [Handshake] Handshake completed successfully
[03:20:01] [Server thread/INFO]: Tierrita[/127.213.151.114:50435] logged in with entity id 10621 at (-1370.2948101517363, 98.0, 717.2063198398856)
[03:20:01] [Server thread/INFO]: Sending server config values to client
[03:20:01] [Server thread/INFO]: Syncing config to Tierrita (27602b9b-6cf4-399b-a20f-b91084b398ac)
[03:20:01] [Server thread/INFO]: Loading config from file...
[03:20:02] [Server thread/INFO]: [STDOUT]: Splitting recipes into 10 packets
[03:20:02] [Server thread/INFO]: [betternether] Freeze Registry[ResourceKey[minecraft:root / worlds_together:worldgen/betterx/surface_rules] (Stable)]
[03:20:02] [Server thread/INFO]: Tierrita joined the game
[03:20:02] [Server thread/INFO]: Loading Configs for Sortilege
[03:20:02] [Server thread/INFO]: Couldn't find config value for path : "[enchantments, enchant_catalyst, show_in_tooltip]", defaulting to true
[03:20:02] [Server thread/INFO]: Couldn't find config value for path : "[enchantments, enabled_enchants]", defaulting to {}
[03:20:02] [Server thread/INFO]: Couldn't find config value for path : "[death, xp_keeping, stolen_xp_data]", defaulting to 41
[03:20:02] [Server thread/INFO]: Couldn't find config value for path : "[death, glowing_killer]", defaulting to true
[03:20:02] [Server thread/INFO]: PLAYER_JOIN
[03:20:02] [Server thread/INFO]: add_player wand
[03:20:02] [Server thread/INFO]: config sent
[03:20:02] [Server thread/INFO]: Updating all forceload tickets for 27602b9b-6cf4-399b-a20f-b91084b398ac
[03:20:03] [Netty Epoll Server IO #5/INFO]: Receiving client config
[03:20:06] [Netty Epoll Server IO #5/INFO]: Channel update: Tierrita -> default
[03:20:06] [Netty Epoll Server IO #5/INFO]: Priority overwritten for player Tierrita. Claiming: GRAVE / Robbing: INVENTORY
[03:20:08] [Netty Epoll Server IO #5/INFO]: [do_a_barrel_roll] Client of Tierrita accepted server config.
[03:20:39] [Server thread/INFO]: <Tierrita> quien
[03:20:40] [Server thread/INFO]: <Tierrita> mato
[03:20:42] [Server thread/INFO]: <Tierrita> a los conejos
[03:20:45] [Server thread/INFO]: <Panzther> santiago
[03:21:05] [Server thread/INFO]: <Santinator> No era una infestacion?
[03:21:18] [Server thread/INFO]: <Tierrita> pero santiaggo ud ve a 30 conejos
[03:21:29] [Server thread/INFO]: <Tierrita> y piensa que ellos van a llegar ahi por que si?
[03:21:41] [Server thread/INFO]: <Tierrita> media hora reproduciendolos
[03:21:56] [Server thread/INFO]: <Santinator> JASAJSJAJSAJS Mala mia bro yo se los consigo
[03:22:29] [Server thread/INFO]: <Santinator> O ponga un comando, digamos que fue un error del server
[03:22:34] [Server thread/INFO]: <Tierrita> no
[03:22:35] [Server thread/INFO]: <Tierrita> consigalos
[03:23:42] [Server thread/INFO]: <Santinator> Donde consiguio los conejos?
[03:23:50] [Server thread/INFO]: <Tierrita> a 3 mil bloques de aqui
[03:24:00] [Server thread/INFO]: <Tierrita> y solo consegui dos
[03:24:19] [Server thread/INFO]: <Santinator> entra a discord
[03:26:12] [Server thread/INFO]: Panzther has made the advancement [Zip Zap]
[03:29:28] [Server thread/WARN]: Can't keep up! Is the server overloaded? Running 2014ms or 40 ticks behind
[03:29:48] [Server thread/WARN]: Can't keep up! Is the server overloaded? Running 5703ms or 114 ticks behind
[03:32:06] [Server thread/INFO]: <Tierrita> zZZ_zZ
[03:32:07] [Server thread/WARN]: Santinator moved wrongly!
[03:43:46] [Server thread/INFO]: <Tierrita> zZZZzz
[03:43:49] [Server thread/WARN]: Can't keep up! Is the server overloaded? Running 2009ms or 40 ticks behind
[03:44:09] [Server thread/WARN]: Can't keep up! Is the server overloaded? Running 5130ms or 102 ticks behind
[03:44:32] [Server thread/INFO]: Villager class_1646['Gavin'/39, l='ServerLevel[world]', x=-11.23, y=110.50, z=-25.92] died, message: 'Gavin hit the ground too hard'
[03:44:32] [Server thread/INFO]: Named entity class_1646['Gavin'/39, l='ServerLevel[world]', x=-11.23, y=110.50, z=-25.92] died: Gavin hit the ground too hard
[03:44:35] [Server thread/INFO]: <Tierrita> zz
[03:44:35] [Server thread/INFO]: <Panzther> zzzz}
[03:44:36] [Server thread/INFO]: <Tierrita> ZZZZZ
[03:44:36] [Server thread/INFO]: <Panzther> zzz
[03:44:36] [Server thread/INFO]: <Panzther> zz
[03:44:37] [Server thread/INFO]: <Panzther> zzz
[03:44:37] [Server thread/INFO]: <Tierrita> zZZZZZZ
[03:44:38] [Server thread/INFO]: <Panzther> zzzz
[03:44:39] [Server thread/INFO]: <Panzther> zzzzZ
[03:44:40] [Server thread/INFO]: <Tierrita> zzzzz
[03:50:24] [Server thread/INFO]: Santinator has made the advancement [Sky of Beginning]
[03:54:52] [Server thread/WARN]: Can't keep up! Is the server overloaded? Running 2033ms or 40 ticks behind
[03:55:11] [Server thread/WARN]: Can't keep up! Is the server overloaded? Running 3358ms or 67 ticks behind
[03:55:29] [Server thread/INFO]: <Tierrita> zZzzzz
[03:55:48] [Server thread/INFO]: <Panzther> zzz
[03:55:48] [Server thread/INFO]: <Panzther> zzz
[03:55:49] [Server thread/INFO]: <Panzther> zzz
[03:55:50] [Server thread/INFO]: <Panzther> zzzzz
[04:05:55] [Server thread/WARN]: Can't keep up! Is the server overloaded? Running 2063ms or 41 ticks behind
[04:06:14] [Server thread/WARN]: Can't keep up! Is the server overloaded? Running 3583ms or 71 ticks behind
[04:09:02] [Server thread/INFO]: <Tierrita> zzZzz
[04:09:17] [Server thread/INFO]: <Tierrita> zZzzz
[04:15:41] [Server thread/INFO]: [STDOUT]: Triggering advancement SpellBindingCriteria.INSTANCE poolId: archers:archer isComplete: false
[04:15:48] [Server thread/INFO]: [STDOUT]: Triggering advancement SpellBindingCriteria.INSTANCE poolId: archers:archer isComplete: false
[04:16:43] [Server thread/INFO]: [Tierrita: The difficulty has been set to Hard]
[04:17:37] [Server thread/INFO]: [STDOUT]: Triggering advancement SpellBindingCriteria.INSTANCE poolId: paladins:paladin isComplete: false
[04:17:41] [Server thread/WARN]: Can't keep up! Is the server overloaded? Running 3497ms or 69 ticks behind
[04:18:00] [Server thread/WARN]: Can't keep up! Is the server overloaded? Running 4026ms or 80 ticks behind
[04:21:41] [Server thread/INFO]: <Santinator> zzzzzzzzzzzzzzzzzzzzzzzz
[04:23:58] [Server thread/WARN]: Can't keep up! Is the server overloaded? Running 2013ms or 40 ticks behind
[04:24:15] [Server thread/WARN]: Can't keep up! Is the server overloaded? Running 2030ms or 40 ticks behind
[04:24:45] [Server thread/WARN]: Can't keep up! Is the server overloaded? Running 2009ms or 40 ticks behind
[04:25:25] [Server thread/INFO]: Panzther has made the advancement [Gravedigger]
[04:25:32] [Server thread/WARN]: Can't keep up! Is the server overloaded? Running 2002ms or 40 ticks behind
[04:25:49] [Server thread/WARN]: Can't keep up! Is the server overloaded? Running 2054ms or 41 ticks behind
[04:26:21] [Server thread/WARN]: Can't keep up! Is the server overloaded? Running 2003ms or 40 ticks behind
[04:26:56] [Server thread/INFO]: Panzther has made the advancement [Take Aim]
[04:27:05] [Server thread/INFO]: Santinator has made the advancement [Take Aim]
[04:27:58] [Server thread/INFO]: Santinator was blown up by Mutant Creeper
[04:27:58] [Server thread/INFO]: Created new backpack backup file for Santinator with unique ID travelersbackpack.emerald_12.10.2025-04.27.58.dat
[04:27:58] [Server thread/INFO]: Panzther was blown up by Mutant Creeper
[04:27:58] [Server thread/INFO]: Created new backpack backup file for Panzther with unique ID travelersbackpack.standard_12.10.2025-04.27.58.dat
[04:27:58] [Netty Epoll Server IO #4/ERROR]: Server handling Packets.C2S_AttackRequest - No current attack hand!
[04:27:58] [Netty Epoll Server IO #4/ERROR]: Combo count: 0 is dual wielding: false
[04:27:58] [Netty Epoll Server IO #4/ERROR]: Main-hand stack: 0 air
[04:27:58] [Netty Epoll Server IO #4/ERROR]: Off-hand stack: 0 air
[04:27:58] [Netty Epoll Server IO #4/ERROR]: Selected slot server: 0 | client: 0
[04:28:00] [Netty Epoll Server IO #2/INFO]: [do_a_barrel_roll] Client of Panzther accepted server config.
[04:28:06] [Netty Epoll Server IO #4/INFO]: [do_a_barrel_roll] Client of Santinator accepted server config.
[04:28:29] [Server thread/INFO]: Panzther claimed a grave belonging to Panzther at -1466, 71, 768, minecraft:overworld
[04:28:49] [Server thread/INFO]: Santinator claimed a grave belonging to Santinator at -1462, 72, 767, minecraft:overworld
[04:28:53] [Server thread/WARN]: Can't keep up! Is the server overloaded? Running 2028ms or 40 ticks behind
[04:29:11] [Server thread/WARN]: Can't keep up! Is the server overloaded? Running 2386ms or 47 ticks behind
[04:39:58] [Server thread/WARN]: Can't keep up! Is the server overloaded? Running 2059ms or 41 ticks behind
[04:40:16] [Server thread/WARN]: Can't keep up! Is the server overloaded? Running 2379ms or 47 ticks behind
[04:40:55] [Server thread/INFO]: Santinator has made the advancement [A Seedy Place]
[04:42:44] [Server thread/WARN]: Lithium Class Analysis Error: Class org.betterx.bclib.blocks.BaseBlock cannot be analysed, because getting declared methods crashes with NoClassDefFoundError: net/minecraft/class_793. This is usually caused by modded entities declaring methods that have a return type or parameter type that is annotated with @Environment(value=EnvType.CLIENT). Loading the type is not possible, because it only exists in the CLIENT environment. The recommended fix is to annotate the method with this argument or return type with the same annotation. Lithium handles this error by assuming the class cannot be included in some optimizations.
[04:42:44] [Server thread/WARN]: Lithium Class Analysis Error: Class org.betterx.bclib.blocks.BaseBlock cannot be analysed, because getting declared methods crashes with NoClassDefFoundError: net/minecraft/class_793. This is usually caused by modded entities declaring methods that have a return type or parameter type that is annotated with @Environment(value=EnvType.CLIENT). Loading the type is not possible, because it only exists in the CLIENT environment. The recommended fix is to annotate the method with this argument or return type with the same annotation. Lithium handles this error by assuming the class cannot be included in some optimizations.
[04:43:55] [Server thread/WARN]: Can't keep up! Is the server overloaded? Running 2003ms or 40 ticks behind
[04:44:26] [Server thread/WARN]: Can't keep up! Is the server overloaded? Running 2016ms or 40 ticks behind
[04:44:44] [Server thread/WARN]: Can't keep up! Is the server overloaded? Running 3032ms or 60 ticks behind
[04:46:14] [Worker-Main-2/WARN]: Tried to access a block entity before it was created. class_2338{x=-3227, y=-6, z=-416}
[04:46:15] [Server thread/WARN]: Can't keep up! Is the server overloaded? Running 2005ms or 40 ticks behind
[04:46:33] [Server thread/WARN]: Can't keep up! Is the server overloaded? Running 2703ms or 54 ticks behind
[04:46:51] [Server thread/WARN]: Can't keep up! Is the server overloaded? Running 3230ms or 64 ticks behind
[04:47:12] [Server thread/WARN]: Can't keep up! Is the server overloaded? Running 6167ms or 123 ticks behind
[04:47:33] [Server thread/WARN]: Can't keep up! Is the server overloaded? Running 6375ms or 127 ticks behind
[04:47:54] [Server thread/WARN]: Can't keep up! Is the server overloaded? Running 5891ms or 117 ticks behind
[04:48:16] [Server thread/WARN]: Can't keep up! Is the server overloaded? Running 6770ms or 135 ticks behind
[04:48:23] [Worker-Main-2/WARN]: Tried to access a block entity before it was created. class_2338{x=-3457, y=-11, z=-741}
[04:48:40] [Server thread/WARN]: Can't keep up! Is the server overloaded? Running 9149ms or 182 ticks behind
[04:48:40] [pool-12-thread-1/INFO]: Searching for closest structure among [ResourceKey[minecraft:worldgen/structure / towns_and_towers:village_old_growth_taiga], ResourceKey[minecraft:worldgen/structure / ctov:large/village_plains_fortified], ResourceKey[minecraft:worldgen/structure / ctov:medium/village_jungle], ResourceKey[minecraft:worldgen/structure / towns_and_towers:exclusives/village_nilotic], ResourceKey[minecraft:worldgen/structure / ctov:medium/village_christmas], ResourceKey[minecraft:worldgen/structure / ctov:small/village_mountain], ResourceKey[minecraft:worldgen/structure / ctov:small/village_mesa_fortified], ResourceKey[minecraft:worldgen/structure / ctov:medium/village_mushroom]] from pos class_2338{x=-3589, y=67, z=-485}
[04:48:40] [Worker-Main-2/WARN]: Non-existent template pool reference: ctov:village/bounty/plains
[04:48:40] [Worker-Main-2/WARN]: Non-existent template pool reference: ctov:village/vampirism/totem
[04:48:40] [Worker-Main-2/WARN]: Non-existent template pool reference: ctov:village/waystone/normal
[04:48:47] [Worker-Main-3/WARN]: Non-existent template pool reference: ctov:village/waystone/normal
[04:48:47] [Worker-Main-3/WARN]: Non-existent template pool reference: ctov:village/vampirism/totem
[04:48:47] [Worker-Main-3/WARN]: Non-existent template pool reference: ctov:village/bounty/plains
[04:49:12] [Server thread/WARN]: Can't keep up! Is the server overloaded? Running 16463ms or 329 ticks behind
[04:49:32] [Server thread/WARN]: Can't keep up! Is the server overloaded? Running 5875ms or 117 ticks behind
[04:49:41] [Server thread/INFO]: Locating element #bosses_of_mass_destruction:soul_star_target (bosses_of_mass_destruction:lich_tower) took 0 ms
[04:49:45] [Server thread/INFO]: <Santinator> -2910 175 1039
[04:49:54] [Server thread/WARN]: Can't keep up! Is the server overloaded? Running 6970ms or 139 ticks behind
[04:50:17] [Server thread/WARN]: Can't keep up! Is the server overloaded? Running 7387ms or 147 ticks behind
[04:50:37] [Server thread/WARN]: Can't keep up! Is the server overloaded? Running 5504ms or 110 ticks behind
